tasks.uid,tasks.rank,tasks.activity,tasks.type
tf:10855a8f19224cf7a7a61e39884cbb78,0,Comp2,production_tasks
tf:25786df017084e9fac3e1ac87db0e114,1,Comp3,production_tasks
tf:4bd6922ff1b74d13a84d1f88c9744fbc,2,Comp3,production_tasks
tf:599a10c6a64c4a7893329567b7ea67e7,3,Comp3,production_tasks
tf:5930c413b9864b71a4d31b7768aa3536,4,Comp2,production_tasks
tf:b726319103bc44c4935e1ff5e54a1af6,5,Comp2,production_tasks
tf:9075312ccc704ca18be4a6a0e9d7fe04,6,Comp3,production_tasks
tf:6422496327a349cb8590c123d5bf42c3,7,Comp3,production_tasks
tf:4c67aa5c4f1442a9b0d9cc21a753689e,8,Comp2,production_tasks
tf:96a630946982458abdfa5c55124efbba,0,Comp3,production_tasks
tf:1805b092e1494d96bb27632a1a7a49b7,1,Comp1,production_tasks
tf:cbe2e8275bf04be2b0b2ebc85b4e4d0d,2,Comp3,production_tasks
tf:32e875da44004d38aa909573b51f325b,3,Comp1,production_tasks
tf:1497e5309f2140c28eabcef21e7668cf,4,Comp2,production_tasks
tf:b198078858b3400296990badf9226bcb,5,Comp1,production_tasks
tf:210b12db61d240539a47c8bd512aa73f,0,Comp1,production_tasks
tf:f6cd29ecb74e4653ab3ca3262562b6e9,1,Comp2,production_tasks
tf:e73c212781904f7ca53b146ac3b9a155,2,Comp2,production_tasks
tf:3cc4c50ee5b5496695174e5f61d21c3b,3,Comp2,production_tasks
tf:c2d72406abff4a22994fb9b2dc04a814,4,Comp3,production_tasks
tf:3e0e1882ec084c8f8e88488ba8269c61,0,Comp3,production_tasks
tf:d5eea1cfa5fd4713af622bcd57272d8f,1,Comp2,production_tasks
tf:9690dfe7b3d84286a7e474a45d2091d1,2,Comp3,production_tasks
tf:4dba034e08cd47558f4acf8bda8342cc,3,Comp2,production_tasks
tf:4f5e3722c2424b05a0d0235d7bbd4f9d,4,Comp2,production_tasks
tf:d4e54f4a2ee2409ebf8734661bc73892,0,Comp1,production_tasks
tf:203e8f94c46f4d0aad7f80c14c774005,1,Comp1,production_tasks
tf:b3bc65f0fe6e4e2c92b38a9b92a321f1,2,Comp2,production_tasks
tf:192803b5b8df4cb7a579e9c5b30a5d91,3,Comp2,production_tasks
tf:3afba27e8ee446e8a04b8fc2a2343ffb,4,Comp1,production_tasks
tf:002b55025859432b97fe7d4c4b236483,0,Comp3,production_tasks
tf:029dbe97406540aca79f72ccf7fc5558,1,Comp3,production_tasks
tf:8303f8a748324933ad43b3a933b97adb,2,Comp2,production_tasks
tf:2551cb1bece34f2c8ed687d877c94d1e,3,Comp1,production_tasks
tf:7aafb5f30b64477fa1a98524d484263a,4,Comp2,production_tasks
tf:89491cef208a4dfbb72e1b2091999faf,5,Comp2,production_tasks
tf:75f579da73214ff18c2794dd3b5b2507,6,Comp1,production_tasks
tf:3c48647b977f4bf38468c47e43722b61,7,Comp3,production_tasks
tf:53a5630c811c4009a67106682271381b,0,Comp1,production_tasks
tf:ca483fde79724e51a3e33533ecdd28f3,1,Comp1,production_tasks
tf:31d2aa9e1fbd4168b6a2f55587237b8d,2,Comp1,production_tasks
tf:7f51a957eb4648cca7f0c858c3f1524a,3,Comp1,production_tasks
tf:c4d7b704d9a1401688da4e6fbddc9d75,4,Comp1,production_tasks
tf:7f5f75203e784eaa81bf20d686184227,5,Comp2,production_tasks
tf:a2d4f97c0c8340f0ac8865cd3da6f8a3,0,Comp2,production_tasks
tf:23c993f344864ee0ac342308c80d63fa,1,Comp3,production_tasks
tf:a67b23257c4441a0a3c5898165926aa4,2,Comp2,production_tasks
tf:9dd3ff1e7da048b8a9ae8af5694ac2a0,3,Comp1,production_tasks
tf:7494726acaff452cbd4c48ee3e631c0a,4,Comp2,production_tasks
tf:c806dc63e3b14aae8dd35db25b8450a3,5,Comp2,production_tasks
tf:aeb9f063aac7452ca276f8c8c39c25e3,6,Comp2,production_tasks
tf:6170359ded5a4d4b8025bba408c73d2b,7,Comp2,production_tasks
tf:c747860049554ad8bd41901ce28ef494,0,Comp1,production_tasks
tf:ffa448c17d0a4a82b9a6556b24e47572,1,Comp2,production_tasks
tf:80a4d7b35c89487ea90d58905aef9414,2,Comp3,production_tasks
tf:fda1e2497a494fad8acb5abe55322bd6,3,Comp2,production_tasks
tf:c42307bcc6c8426481f08635914cb0b0,4,Comp1,production_tasks
tf:492e6cbaa9754446bea4834022eb59a1,0,Comp1,production_tasks
tf:de9b39b331cd4c9584226cdc2e890e19,1,Comp3,production_tasks
tf:3da2b53ab3354b21abb3a64f24dfef1d,2,Comp2,production_tasks
tf:ab510d6c130d4f648426e107aa93171b,3,Comp1,production_tasks
tf:f119ffeb13a24e2cb6afe92fc51e8d25,4,Comp3,production_tasks
tf:ac031c058c004980bc2164da78b923a5,5,Comp1,production_tasks
tf:14c54600f8b64dfd8923dacc383ca7d6,0,Comp1,production_tasks
tf:b725afb94f4f4416bd9dc912b7125b1c,1,Comp1,production_tasks
tf:ad9d76683a114d219de9fd5c8dd49caa,2,Comp1,production_tasks
tf:081726f1e1ab4f92978ecadc0a9863c6,3,Comp2,production_tasks
tf:b1ee214db10d4e1f9154268afad4d2a7,4,Comp2,production_tasks
tf:9b89d647daa445919519832cc0e800e7,5,Comp1,production_tasks
tf:490ddeacf2d34e10b0353207bc2090e9,0,Comp3,production_tasks
tf:68168ec74721478da50e2ba99be6b315,1,Comp1,production_tasks
tf:9b06dc64e0be4f6d83e49f0c1bbfc357,2,Comp3,production_tasks
tf:d975ffbba04547bfb69932173cd7184b,3,Comp3,production_tasks
tf:81321e0216ab4e4682c9f0ccd96fca41,4,Comp3,production_tasks
tf:a1da58d1abef4e04a12385df98e69ccc,5,Comp2,production_tasks
tf:f4387bd3d0f84e668af76bb723f0c2b6,0,Comp1,production_tasks
tf:f5e1f76538c34105b49675448c1b429c,1,Comp1,production_tasks
tf:b65832925309404aa890fa94c3150f30,2,Comp3,production_tasks
tf:d28730d8e26e4514b8d50a1d5c9289c6,3,Comp1,production_tasks
tf:28020dfb377e4d7986c03820214bd8da,4,Comp1,production_tasks
tf:36358fbf645d4ed4b9db7f87655a3ae2,5,Comp1,production_tasks
tf:1c02ac976eac419d8e16a3bd500c7fff,0,Comp1,production_tasks
tf:a440585dd4a4498a89a951b430a99129,1,Comp3,production_tasks
tf:aaf68debadc0494a83070cee37a3458e,2,Comp1,production_tasks
tf:f5ccf98c081e4ed5b3615612a05169ba,3,Comp3,production_tasks
tf:89c335bce3b347de8777eb9ab07bbfc6,4,Comp2,production_tasks
tf:c84fff11b2af4b1fba40f4f75517d79a,5,Comp1,production_tasks
tf:f8ff1f80189644cc84b3a3d8ce401f26,6,Comp3,production_tasks
tf:1f48db880dbf41019bc4612e32a1a001,7,Comp1,production_tasks
tf:551103e308c1425d8fca6ce707d29f6e,0,Comp3,production_tasks
tf:c5a5771e2c7a4fa3a38fb01051b94b70,1,Comp2,production_tasks
tf:3230ab465b2741b3a9b699a0cea499b0,2,Comp1,production_tasks
tf:0e3d4b9dee684d49a6d76fe76703e462,3,Comp2,production_tasks
tf:95f388ad2a3d42ea97e562f7b8d40f81,4,Comp3,production_tasks
tf:7377d3f18bc04bb09ccba80aabee147d,5,Comp3,production_tasks
tf:7fc77135936549158504d7337d714018,6,Comp3,production_tasks
tf:41996b9d71e84e51bcbca5676a3f6c4d,7,Comp1,production_tasks
tf:6c1a29d30e51474fa1c9e71464095598,0,Comp2,production_tasks
tf:d9c00f7606ae4caba35b7091a6c184ef,1,Comp3,production_tasks
tf:defd7763c1324875b72c939dd8f8b52a,2,Comp1,production_tasks
tf:19f503a12e84456f80f5212076247bee,3,Comp1,production_tasks
tf:062d53b2bcb242b8b4a61e8d1617c100,4,Comp1,production_tasks
tf:eb46a1ecadfb4776a238182a97b9ee78,5,Comp1,production_tasks
tf:8b460c2390db45069986e07a9c278c2c,6,Comp3,production_tasks
tf:c1054c64afca410ab11c7b17a9090568,7,Comp1,production_tasks
tf:b5caf2ca19144b75a08937b56c904bcc,8,Comp2,production_tasks
tf:217eb23cbbe740959b6fa3a1956de001,0,Comp1,production_tasks
tf:9c432f6783e747ba89a033829d6206f2,1,Comp1,production_tasks
tf:499e2c3a04d447ff95696284346b855d,2,Comp3,production_tasks
tf:832ef76f23084eeeb2a6fdead7ea0453,3,Comp3,production_tasks
tf:7331220af4c444f2be54411ec230a2e8,4,Comp3,production_tasks
tf:c7f4f4a1b98243f8b4006eac87e35b24,5,Comp3,production_tasks
tf:187fa46f5606426cbc83132ef1ea7667,0,Comp1,production_tasks
tf:d07356584aac415186996639815090c5,1,Comp1,production_tasks
tf:3bae4fcee6f943e8a43f53000323c875,2,Comp2,production_tasks
tf:4bd927f931e345c8939c95dcbe0103f4,3,Comp2,production_tasks
tf:1f91c53cb5b549c7baa7fa11640faad5,4,Comp3,production_tasks
tf:b63aed6a625545bba60425acd86c054a,5,Comp3,production_tasks
tf:e22f686d3e11410fb69289eb8733d3e8,6,Comp3,production_tasks
tf:557f19ec79ff4ef9aac2a3635aa5fca9,7,Comp2,production_tasks
tf:2579580e718f484685757c8e6d79d9c9,0,Comp1,production_tasks
tf:a9a7ffffcd2d4a2d9437d388cd7da521,1,Comp3,production_tasks
tf:a43706f4b5054e7199a3aaf64fcdb5bc,2,Comp2,production_tasks
tf:1c5f6f314d46406092eccca1117f67c9,3,Comp2,production_tasks
tf:5dac8b8a27894050b5422f5ee32d0e2d,4,Comp3,production_tasks
tf:e9575fa9d6f849e78d7724813d3e5f9a,5,Comp2,production_tasks
tf:ed1e7c375d0a4fecbc28728423312487,6,Comp2,production_tasks
tf:1b4c93e810624294aa654e590ce026fe,7,Comp1,production_tasks
tf:8cd0e01f4c6943c4869addd33955478f,8,Comp3,production_tasks
tf:40dac62c83254da688eb4cd01acdaff6,0,Comp1,production_tasks
tf:afccd7e5c3b34f56a24a8b8435715a16,1,Comp1,production_tasks
tf:56d37b7f4f1743d5b3cefee546fa58b1,2,Comp1,production_tasks
tf:2e62a69380c54b22a84918c1767d6051,3,Comp1,production_tasks
tf:0b0cc711cdf7431aba7a8b7d7b8c07c3,4,Comp1,production_tasks
tf:0323e6944ee14a7381794f180c802e08,5,Comp2,production_tasks
tf:afb4543982dc4f1b97cc8eeb60862e32,0,Comp1,production_tasks
tf:dec898bdee264935a86ea5b67dc2f9ef,1,Comp3,production_tasks
tf:42d2ccc06b5348bfbcf0ed850d4d4460,2,Comp1,production_tasks
tf:e6b70b8ab191438687e76f5879c53a77,3,Comp1,production_tasks
tf:4a43292b01fe4cc7a72ae05522dc4037,4,Comp1,production_tasks
tf:1f2d6d862fc8436d94038bf3765fd364,5,Comp3,production_tasks
tf:49749624b6b54f18af1b49a5a06aa59a,6,Comp1,production_tasks
tf:452b19042c9c4d14aff6d2616fa34849,0,Comp3,production_tasks
tf:6ed6167c7c064d03bff72d8403640304,1,Comp3,production_tasks
tf:b4e3d902e16a4c029237f7feeabfed25,2,Comp3,production_tasks
tf:e09e9cbfcd7743d086775a9bbae48597,3,Comp1,production_tasks
tf:395f87fec7b74e7f90c6c3489071fcf1,4,Comp3,production_tasks
tf:a3236171cb084d169ddf4a761f8e8c47,5,Comp3,production_tasks
tf:a5f3e0f737184eb483fe30317059d17d,0,Comp3,production_tasks
tf:ee0d883bf94b4ec3904fd210387c795b,1,Comp2,production_tasks
tf:d4593360870444739be21a9bf820b1ec,2,Comp1,production_tasks
tf:f5656f90fb33497a8d80b7d650ff6a31,3,Comp1,production_tasks
tf:451f713d9528486fae0497ec3054449a,4,Comp1,production_tasks
tf:6a58bedef4b2478fa15102c025e57ab8,5,Comp3,production_tasks
tf:b9f46fcc8d5f4d02b6bc07e5c6d0734d,0,Comp2,production_tasks
tf:be6bba6e78eb43fab1ad62a1ce674359,1,Comp3,production_tasks
tf:1f98c35e50044eefb5351c5a95d6fb88,2,Comp3,production_tasks
tf:13721df15b724fc288a456225b08a3ee,3,Comp1,production_tasks
tf:9f6ab896201c4e559e99fbf33942544b,4,Comp1,production_tasks
tf:3bf7d6a1e7484b6696ec558135a918d9,0,Comp3,production_tasks
tf:44a7e8b4428c47ddbce55a8e9ed4a2ff,1,Comp3,production_tasks
tf:7f1f1350395746dda494c192b3665fb9,2,Comp2,production_tasks
tf:df69f3ba760c463381779593a67ee968,3,Comp3,production_tasks
tf:60d97c4aa936444f94dc4d3b109de15f,4,Comp3,production_tasks
tf:6e74913864db4c6d85682ec32579e628,5,Comp2,production_tasks
tf:46b7ae32c53a4675a82cee3ca7c29b5b,6,Comp2,production_tasks
tf:2fce41549c284cbdb7952772c4ae927b,0,Comp1,production_tasks
tf:3d7a9519b6f64632b20448371182d0e4,1,Comp1,production_tasks
tf:06ae87265164442696853294eaa18916,2,Comp1,production_tasks
tf:7b5c106d4fc245ae8a48e4f32de5d71c,3,Comp2,production_tasks
tf:d06c5bb28abf49dcb7364f99068c916e,4,Comp3,production_tasks
tf:4deb987faf934ca192a1f0ba2b9040a9,0,Comp3,production_tasks
tf:7ba4d11e26fa41a4a646df02b4199055,1,Comp2,production_tasks
tf:3bf21d6e058a4722a073d03d743f5cdc,2,Comp1,production_tasks
tf:ce11ea6028db4167bdf8c7ff097d490f,3,Comp1,production_tasks
tf:6619a829e9384c39a6a27d2925fc8723,4,Comp2,production_tasks
tf:14ad95e26afd4f408b7e2f95dfd025b9,5,Comp2,production_tasks
tf:f58b3e163ff74734a83afd5578d2e25d,6,Comp1,production_tasks
tf:90d56a58d5df44e89979fce077a8d5cd,7,Comp3,production_tasks
tf:012fc32e978048fba1554a47e1768ba1,8,Comp3,production_tasks
tf:03f8190546c7419893c8e20f00b5cb24,0,Comp2,production_tasks
tf:c20b970498054e26adbc3ae223de08b3,1,Comp2,production_tasks
tf:d197cceb2af74a9caec408043848e748,2,Comp3,production_tasks
tf:5b5c83be83f44f7dbb3f4948b6f3d73d,3,Comp3,production_tasks
tf:15b661499a51464489d319b35de8328d,4,Comp3,production_tasks
tf:2b069015794340f0b3b3607a2048a4af,5,Comp3,production_tasks
tf:915c03d97d174f43800cace5771d1260,6,Comp3,production_tasks
tf:5abb9fd4533d47a8a759cb2c717d83c2,7,Comp3,production_tasks
tf:d09140101f234e6b98057bef7038c60f,0,Comp3,production_tasks
tf:c7c3def034bc46d7940343baaddc4cc0,1,Comp1,production_tasks
tf:def6af790cbd40558dfe300c3090f50c,2,Comp1,production_tasks
tf:63e41907af6a4da396a46f2155b3d136,3,Comp3,production_tasks
tf:db6b618cc0d44a9db0577f7a5a79f59f,4,Comp2,production_tasks
tf:b9dee6d8b27a479aa692aea053001fec,5,Comp1,production_tasks
tf:eecf5803f3074c709684db7787eee71b,6,Comp3,production_tasks
tf:f2867eaa00e448bda29040fd9d320246,7,Comp3,production_tasks
tf:9fbdfd9303384a0bb5fd78d3abafdd77,0,Comp2,production_tasks
tf:aeb8e843d70e4d6da4509ec839c97fe2,1,Comp2,production_tasks
tf:0073285369354c29963c6878732f0ee5,2,Comp3,production_tasks
tf:e79e98a06a034446ad09ad1b6e736742,3,Comp1,production_tasks
tf:47495865a9524abfb70872b9f47d7b82,4,Comp3,production_tasks
tf:e42c013130044f1c958aec491cc6c4ab,5,Comp1,production_tasks
tf:1499231a21f14426be98d26b2a0bed52,6,Comp3,production_tasks
tf:3846f749ec5a473387cff5fd32b3d71e,7,Comp3,production_tasks
tf:63ed6636290a4269901c66e934fc5686,8,Comp3,production_tasks
tf:8f94257c9444438fa0e2eb01eb252a30,0,Comp3,production_tasks
tf:8bc46d97644d4f6982eb7ae51270ac82,1,Comp2,production_tasks
tf:8a9f6a0475474af3943aaff2c6c2b9e6,2,Comp1,production_tasks
tf:299bbe2701dd4bd4ab38f5351ba4aae1,3,Comp3,production_tasks
tf:7ca3e421c1a846d48ba84c1955bc97ec,4,Comp3,production_tasks
tf:3652e362fb124de9bf853a5483f9e5e9,5,Comp1,production_tasks
tf:af2645a07744422fa3c736b459961977,6,Comp2,production_tasks
tf:a274e63e103440d686f93f29c585028b,7,Comp3,production_tasks
tf:18f3c565ce614e6aaf0183efa8027b51,8,Comp2,production_tasks
tf:ee572e6c31ab46d996af310e2e4b657f,0,Comp1,production_tasks
tf:cf4ff7cc8e094d09aa2337d4fd3c79b5,1,Comp1,production_tasks
tf:97903a8d103d48c3acc6af67f604e3de,2,Comp1,production_tasks
tf:9ccee39e1d394e30bb47199532810ac6,3,Comp3,production_tasks
tf:7ccdce13e9ab433894eaa10109c5e340,4,Comp2,production_tasks
tf:6a16ea86cd05449b9511780dc559f6c8,5,Comp2,production_tasks
tf:da741ed295844a249a57efdffde425c3,6,Comp2,production_tasks
tf:f02aaef96498410b9c7a6ac1b3c3b7d7,7,Comp2,production_tasks
tf:65f69adcda6244f18cb886afcbc2a25d,8,Comp3,production_tasks
tf:855095ee28674236b42018682470df3f,0,Comp1,production_tasks
tf:370bd898f1da44af8951a6653c6b27f2,1,Comp3,production_tasks
tf:88dae11a23824f248efced6f27bc22aa,2,Comp2,production_tasks
tf:261951f9f843467091a29cf0f21096e6,3,Comp1,production_tasks
tf:a3904e89225346769a30bb18b7fe96a3,4,Comp2,production_tasks
tf:42e431d179e44b77a3f1843eaa3cf640,5,Comp2,production_tasks
tf:5fd25844016e41edab7386c655d33877,6,Comp3,production_tasks
tf:376fa23bd7204ead99b07fbdd8ce0019,7,Comp2,production_tasks
tf:220c47d299ce450fad3e376209302624,0,Comp3,production_tasks
tf:e2fff164ed3240fb9485cc663831bf24,1,Comp1,production_tasks
tf:2428c289b9914a299ade2828a37dba38,2,Comp3,production_tasks
tf:9c6500fa08a54f8b9ae042354644b6fd,3,Comp3,production_tasks
tf:48ab474afcdf4608b58b8e24b8830733,4,Comp3,production_tasks
tf:2ea4105ab0f4437b8cb8522d22c87fe7,5,Comp3,production_tasks
tf:50ec9fc544854a88b726c827a573bf2e,0,Comp1,production_tasks
tf:9e082a198128489b80c0dc282360a605,1,Comp1,production_tasks
tf:c5c123a992fc4d15935ea45b2b17f7a8,2,Comp1,production_tasks
tf:65f9a546bd424a8aa1af7aa3c55b9ac8,3,Comp1,production_tasks
tf:63623e1511484578a8b5bcb8fa24e1b1,4,Comp3,production_tasks
tf:b8f562643864445da5c860dc8fbc4dfd,5,Comp3,production_tasks
tf:ddab47fd8fdd43d9916b867128c8e313,6,Comp2,production_tasks
tf:cf6a03b02ee6412798c52ec68fc031e0,7,Comp3,production_tasks
tf:cd4aa56d920d4229984d2e7c75eb7e27,0,Comp2,production_tasks
tf:87cb77b48f9e415da16d3fdcb4c05cdd,1,Comp2,production_tasks
tf:d53fada791e74ed99170c4fa3a65688c,2,Comp2,production_tasks
tf:d2eecf8d444841758b632f57eda3bfb1,3,Comp1,production_tasks
tf:394671d448364cacb0e53f4db67d15fd,4,Comp2,production_tasks
tf:5fe918165f77492e831e6a7babaa731c,5,Comp3,production_tasks
tf:3b578dd3019543ea970e58235d81ffa6,6,Comp2,production_tasks
tf:76d8507f8bf74a32bdfa84251ac210cb,0,Comp2,production_tasks
tf:688a07beaf774519a5fceb00491a2108,1,Comp2,production_tasks
tf:6a4e44a01f54429a85d73ac5d1cf3009,2,Comp3,production_tasks
tf:94b32207a4b1468294996f6447b0eb82,3,Comp2,production_tasks
tf:66e082c9bb474b1c85a30b28624d7584,4,Comp2,production_tasks
tf:ed0e4ceae22e4d8cba63a6f59500e638,0,Comp1,production_tasks
tf:35a7060441704cd5ab2ce9ea6380f2b9,1,Comp3,production_tasks
tf:b57c2771d5384f62a2c1496bc3b61ccb,2,Comp3,production_tasks
tf:ddb18da0736e40e2a33c8ac57924c2cd,3,Comp2,production_tasks
tf:1a35fbf7b11946b9b6c3f4e903493db1,4,Comp2,production_tasks
tf:e224d1d5e56b46b2a5bb7427d8d8594e,5,Comp3,production_tasks
tf:ffc1f8edc282459e96e8b0cad976be9d,6,Comp2,production_tasks
tf:dfc8decbd3da41ba9b05cb00964b5170,7,Comp3,production_tasks
tf:f5407749acb94bcc971f9fb14f889eb9,8,Comp2,production_tasks
tf:0bb669adc20d452cac56ff3b411ec5c4,0,Comp2,production_tasks
tf:a4a963e574e34913ba67bc58497a1943,1,Comp1,production_tasks
tf:236cdefd49954186914f631fc531cb79,2,Comp1,production_tasks
tf:aae52acad78248239f500d85b6ad45d8,3,Comp2,production_tasks
tf:706cb44dcda64baaa0acabaa13fb499a,4,Comp1,production_tasks
tf:5ff200f4480d4a70ba4979c9f3d72bf5,5,Comp3,production_tasks
tf:03c12c946db94207a4545f9c0f1baa8d,0,Comp3,production_tasks
tf:24121fa1221e4a6db27834a7f5a30f1b,1,Comp1,production_tasks
tf:f85184b3aeba45d0b7b853a5085248af,2,Comp2,production_tasks
tf:c4fc0afd95664e2989432fb4392f2f04,3,Comp2,production_tasks
tf:6b85a21539dc4eeaa4dfd15051fa6b85,4,Comp3,production_tasks
tf:c2965ae91b604e82b2e8563e730ce6d8,5,Comp1,production_tasks
tf:eff774c6c40e4a468224125ee21e07b1,6,Comp1,production_tasks
tf:9823bcdd119a4d48a1e23c758ae5737f,0,Comp3,production_tasks
tf:aba705fb268a4eb88c12c05c29908a79,1,Comp2,production_tasks
tf:e1c90308092e4c74ba5e24a007c919ff,2,Comp3,production_tasks
tf:4dd80c0d54324ad3bc926e6099d0a6e5,3,Comp3,production_tasks
tf:548233142341499e9123f571eab7d89c,4,Comp1,production_tasks
tf:f9863a6881cc4366b1a006871c41d9df,5,Comp2,production_tasks
tf:18fa90ddaa4f409bb73d1c8a3cf0b6b9,6,Comp1,production_tasks
tf:28018bb7644b470981a6d26b545dfea2,0,Comp3,production_tasks
tf:c22f52803df043b898e27f50dea8e1c4,1,Comp2,production_tasks
tf:ad7c134c72a24f448e8bb118c4f7b2d6,2,Comp2,production_tasks
tf:a24efb6a8ea740db82d384ac67bb1ded,3,Comp3,production_tasks
tf:340f98c589334e51b9f0fed9389d42e5,4,Comp3,production_tasks
tf:9ebebc24579c48dd8155f51e9b2a2270,5,Comp3,production_tasks
tf:b8fe5ff4c5f8427ea25f1a96f1e2d6f2,6,Comp2,production_tasks
tf:2229cf0753bd4262997b276ba0b6818e,7,Comp3,production_tasks
tf:f24f4aea3b6f4dd289e15d18b8256767,0,Comp3,production_tasks
tf:b078ee13090c49b2ae6d52dea9fd2c51,1,Comp2,production_tasks
tf:f2a219f73c844bee9a30ae2bd0e411ab,2,Comp1,production_tasks
tf:52b1fc4a07ba4f6d9a4d1de0436d46eb,3,Comp3,production_tasks
tf:027b95c041ac492aa405fd6eea86d314,4,Comp1,production_tasks
tf:9716d7fbaa4c44128565e16408af103d,5,Comp1,production_tasks
tf:98b6ac2ccaac407ca6d7b1896efa66c6,6,Comp2,production_tasks
tf:aa02468c2f4f45ffa4d00caa77ae931d,0,Comp3,production_tasks
tf:75624a166635458daa4a78f5133b519e,1,Comp2,production_tasks
tf:f7a33677044c415eb172089a0d818621,2,Comp3,production_tasks
tf:3a58ca177f6a4a3b81003917bd82f0bf,3,Comp3,production_tasks
tf:f25b7af0d30349f39ecf71d4a9a4f557,4,Comp2,production_tasks
tf:d3b05fc648f94ab8b26f0cef6bceddb7,0,Comp2,production_tasks
tf:9d76fb18415a4ba08c64b7da5e9f0588,1,Comp1,production_tasks
tf:b2d7b38b1ad944888a8117c5f217d5c2,2,Comp3,production_tasks
tf:3b072e2896c54cc2adcfc95ae5e01809,3,Comp3,production_tasks
tf:11327d5b9aa74ca3b2bb43ed0a89b7ac,4,Comp1,production_tasks
tf:d449e7c3fd9f4328a322170a81d6b396,5,Comp1,production_tasks
tf:da0db1052be845059b83c91cf26992d5,6,Comp1,production_tasks
tf:f2642f544188427da905e3d92dfe828f,7,Comp2,production_tasks
tf:d70794bdd30c4db19601b26ec852d00a,0,Comp3,production_tasks
tf:c9040e91bc7548e0b052ed90a5c9b67b,1,Comp3,production_tasks
tf:f22fbb97376a430591d25bcd0587103b,2,Comp3,production_tasks
tf:d51d6d9f92364f88bc4bacc05f5a103e,3,Comp2,production_tasks
tf:dc840e50f9f041d889c845c2b4d956f7,4,Comp3,production_tasks
tf:2482cc610ffb44679ace2734fa59a424,5,Comp1,production_tasks
tf:e359614957fc43389da227692e50311f,6,Comp3,production_tasks
tf:68bd8636b2904403949e714c8e2544dc,7,Comp1,production_tasks
tf:4a6ecaa81d234e88bf125879dfa92a26,0,Comp2,production_tasks
tf:27020c8f15864c9b9a18bb6b3fd0086b,1,Comp3,production_tasks
tf:0a2cecd4b47342f9af9ad47389be5b27,2,Comp3,production_tasks
tf:37e47d08fb24447984f578a14b736b9a,3,Comp1,production_tasks
tf:d85d20f1f9224bb4bf6756743415d73a,4,Comp1,production_tasks
tf:882b7e02f160475eb1607a9df3ff37a8,5,Comp3,production_tasks
tf:a9cf8d13e9c543b5bb8770f981bb53dc,6,Comp1,production_tasks
tf:2553ee24ceaa446aa4b1440b99b396bb,7,Comp2,production_tasks
tf:1f5f1aa4a12b4a95b921c40b48180d17,0,Comp1,production_tasks
tf:09df0702078a4ed4a072f672a07809e9,1,Comp1,production_tasks
tf:3d89b2d5dc644e38b9feea21ca307017,2,Comp3,production_tasks
tf:5879e7c11ceb4b9a826d34a2a4b32399,3,Comp3,production_tasks
tf:e854b4f0dc6b49a6b8aef1a61985f998,4,Comp3,production_tasks
tf:5650ffa17e06418a90880ae4da2d9205,0,Comp1,production_tasks
tf:3338f42e1d7f41ef91bba960e7989872,1,Comp1,production_tasks
tf:fd4f8cf77665404eaf6236d9c57dcede,2,Comp1,production_tasks
tf:4fa95acdb2ca42fda06dd4d9e337a32e,3,Comp1,production_tasks
tf:7738f5ed8ce642f0ad7ad465b216154a,4,Comp3,production_tasks
tf:7b2e128044eb4acba4bd99e9b4ee9480,5,Comp3,production_tasks
tf:de867b3c6d8248e18400811167dea180,6,Comp1,production_tasks
tf:8e909f4be34940a38a4028b2e5ee521a,7,Comp3,production_tasks
tf:227d460dbc194488ab48cb5f6a4b63f0,0,Comp3,production_tasks
tf:2321fd5b5ebe4b3b9f38ae8b21b586cb,1,Comp2,production_tasks
tf:5f0dfbeb22674297950a2fc165494f59,2,Comp1,production_tasks
tf:fe934bae09cc4e6aa02c7dc87dcd1da1,3,Comp1,production_tasks
tf:547ad167631e40559de3715d6026e42f,4,Comp1,production_tasks
tf:f2bf0156e977428fa60052913f7e0d85,0,Comp3,production_tasks
tf:187ff888fdc6442b82b999e3b0f02927,1,Comp1,production_tasks
tf:9d9f5775f8254de292201e338a349577,2,Comp1,production_tasks
tf:69aa558cc36947b7813cc17d62021542,3,Comp1,production_tasks
tf:bcc3148b2be84ea79790c1b78817ed36,4,Comp2,production_tasks
tf:2514164572ed4f299136d1345c2e02b6,5,Comp2,production_tasks
tf:2a1483da8dfd46228147c07be1fa4f75,0,Comp1,production_tasks
tf:42bc683bec0a42f5a390843b5b70a8ee,1,Comp1,production_tasks
tf:55316c410b12477ea09733f911f33b2f,2,Comp3,production_tasks
tf:18a0699857e841998ba7bf1f43b49da1,3,Comp3,production_tasks
tf:6abbac1eb407499792585a5d83c26254,4,Comp1,production_tasks
tf:de7176f89bfa40199d70b8e329dbcf4b,5,Comp1,production_tasks
tf:a56b8a5381b14af2ae965f68c07da549,6,Comp3,production_tasks
tf:a31007ea43044c7ea480b30f5644aba3,7,Comp3,production_tasks
tf:4de36e691faf465fac7f194a4cdc36b1,0,Comp3,production_tasks
tf:13bacffba8e7483c896485f852b9a352,1,Comp2,production_tasks
tf:ada3713651ab4ef78f91b008e9f58cb4,2,Comp2,production_tasks
tf:72428ea6821b445d9ce9f2d35618a143,3,Comp1,production_tasks
tf:729cdd9098924687b702feae2044c46a,4,Comp2,production_tasks
tf:48d246a90f1d4ab68d365faabd122f78,5,Comp1,production_tasks
tf:1cd14fa7f81e4ff8af8b6cd67e3d3038,6,Comp3,production_tasks
tf:20bfe74296e44f2ca425f2bc89f90f03,7,Comp1,production_tasks
tf:d2f8e279ef2248d9b88a07850c9315b0,8,Comp3,production_tasks
tf:0d07de904a0d43cab4e51f54a62e1d0e,0,Comp1,production_tasks
tf:1666f2ac397c4b65baf43f4eac4efd13,1,Comp3,production_tasks
tf:f0988aaebea34f6ebb6b71b96dc2c1f4,2,Comp3,production_tasks
tf:19814b93c2ba4ce0be54f78f1e56412d,3,Comp1,production_tasks
tf:ca20b3f018554672976543d06cd5f622,4,Comp2,production_tasks
tf:da090f4580c546fcb025315c3f8b1ffd,0,Comp1,production_tasks
tf:368eadfbdb7a4595930a714da4581e40,1,Comp1,production_tasks
tf:271dcb42798b4bc4b0f26cda11c51f0d,2,Comp2,production_tasks
tf:6b74050b3df14c618262284dda1bad01,3,Comp3,production_tasks
tf:b838a61469214508ae72e719230031cc,4,Comp1,production_tasks
tf:b4c65c4239da4fb79b728b50ff4ea918,0,Comp3,production_tasks
tf:3224bec1572e450fa0ac644a5cb87c40,1,Comp3,production_tasks
tf:dc4e61dfa2da4403ba4d4da5ae380dc8,2,Comp1,production_tasks
tf:079378cfb0db4160a6e2253114dc8d8b,3,Comp1,production_tasks
tf:e1de2ea7c5f44f35a7be053f632289ed,4,Comp1,production_tasks
tf:afbf71e8ef0043b9b440e8bb46194eba,5,Comp1,production_tasks
tf:b55caaa296904e6bb0c06b8f2a871f58,0,Comp2,production_tasks
tf:55da1cf6c7cc47d1af2e8d691952987f,1,Comp3,production_tasks
tf:2d603fa46abc40ccadcf68157aabb0e2,2,Comp1,production_tasks
tf:54dddcabd6d04e5dbb1d33c51245f414,3,Comp1,production_tasks
tf:bbee09eaba09433db8d0d5af769489aa,4,Comp3,production_tasks
tf:b57d4a96dfa64c8e91437fe1c8add008,5,Comp2,production_tasks
tf:3089361b316144cd90966f52eb1ab3b1,6,Comp2,production_tasks
tf:49f2941f2bd44288a158857025b4aa62,7,Comp3,production_tasks
tf:03dfefcb5af84f38ae99723d7ab17f0d,0,Comp3,production_tasks
tf:fda9895d61f94873aaaeaead36632ceb,1,Comp1,production_tasks
tf:8b7b2dccc3244d739f7f5b1f2395dce0,2,Comp1,production_tasks
tf:4b71c2ef364b4b2ebfa249ed8196de6c,3,Comp3,production_tasks
tf:a7a760867c834557b9cb3ec9b5c7bed3,4,Comp3,production_tasks
tf:aa9f508939d84d56bc5fa654ba5d7d13,5,Comp1,production_tasks
tf:8ab52c8c115a424fbb89042a65fea68e,6,Comp3,production_tasks
tf:7c7a1d6145374a96b91c455059833ccb,7,Comp3,production_tasks
tf:5264c0f203a7474e87b86e63d62c2ff4,8,Comp2,production_tasks
tf:28437b5e23ed4ff7a1c686da0cc1fc04,0,Comp3,production_tasks
tf:be72d1b62dd74162af4e9273ac2629b6,1,Comp3,production_tasks
tf:60f0e79b43834481ac7a05ef33a6f6b9,2,Comp2,production_tasks
tf:9970ac08b9604fceb864f16fdf75cdc8,3,Comp3,production_tasks
tf:0d89c4c277ca426ea4526abd891f31b4,4,Comp3,production_tasks
tf:e8894161fb7843e69077f469ceba4f1a,0,Comp2,production_tasks
tf:acd7c81bbfc04d3b9860e69d344fee74,1,Comp2,production_tasks
tf:8410b95102254eb7b7e17f6285aee4d4,2,Comp2,production_tasks
tf:7b82c52dd59c4164a9a5f433a8d13a78,3,Comp2,production_tasks
tf:34b17a2fa3d94357b3f574d31e55c436,4,Comp3,production_tasks
tf:58657db71d3d4ba5b87f6406a1458bb5,0,Comp1,production_tasks
tf:901cf267def0452bb3dbfa301911c06b,1,Comp3,production_tasks
tf:029d116efa1d46218401bcfecbb6d90c,2,Comp1,production_tasks
tf:9c686602700a4f6284e12d2336752f48,3,Comp2,production_tasks
tf:e38e05d0bdba46db9eed449cc7e243de,4,Comp2,production_tasks
tf:2bb14aa10daf4f048d8a7a3c8d8809e1,5,Comp1,production_tasks
tf:0a2787114df142bf978942ba4589c7c1,0,Comp1,production_tasks
tf:7665dc50b0e24c26acfc7cfab6e66770,1,Comp2,production_tasks
tf:60f546a0be744d488c1fce70c04ba7ec,2,Comp2,production_tasks
tf:a90919685b404c6f9aa897469fa28505,3,Comp3,production_tasks
tf:506170211bfb4936acf20821362d4ae2,4,Comp1,production_tasks
tf:310bc2d5a7ce459f9700eee065675ff3,5,Comp3,production_tasks
tf:bb57467fd3384756a8f47a723eded65f,6,Comp2,production_tasks
tf:abe2b0a0e14c42a9ab6e00153c4451a0,7,Comp1,production_tasks
tf:0f3ca910cad9497a93a458e2604d149b,8,Comp1,production_tasks
tf:0552d152ee234c648a92e8ef2a18971b,0,Comp2,production_tasks
tf:ef9fc39dac3544899a8059426a6b3a6a,1,Comp2,production_tasks
tf:4f630189bca942a8a7eba8d2aa5dc0a0,2,Comp1,production_tasks
tf:66a5f8a6bc454cecb1bb6da899cfe6ff,3,Comp1,production_tasks
tf:3445043a03fa48be9883b01392fe2fe8,4,Comp2,production_tasks
tf:36dd54c690234ebb8551c73840763625,5,Comp2,production_tasks
tf:39c202a5925c44d981325762193678a6,6,Comp1,production_tasks
tf:da075098e5284888ab615a40e16d1e75,7,Comp2,production_tasks
tf:9946f5a681044d5095802dca8bfb933f,0,Comp1,production_tasks
tf:b01381f4f4404dfc8c7bbe411fc37067,1,Comp2,production_tasks
tf:06ded83b2f904b20af01fd262f616e27,2,Comp1,production_tasks
tf:f00b6b29d1b94f18aa298bbdc385cf86,3,Comp2,production_tasks
tf:069227da92a4416bb79079c8f1440c31,4,Comp2,production_tasks
tf:0ea089682a3d42beaf2d1a1255212fdc,0,Comp3,production_tasks
tf:d083494059df4158909b76fbd539a6dc,1,Comp3,production_tasks
tf:dde4b4f22cbd4d72b5e08bfe281f28c8,2,Comp3,production_tasks
tf:d076637bc4d44e6b8347d86ff42b3398,3,Comp1,production_tasks
tf:28e9baf27b504d59ad018bb9b458ba23,4,Comp2,production_tasks
tf:76173357590a4fc3b0ce35a04512f007,5,Comp2,production_tasks
tf:cf87cc061fbf44d3a47d2352f58d44a3,0,Comp3,production_tasks
tf:4677975648ef45beb83c51b3b42db34a,1,Comp2,production_tasks
tf:5ba9f0871b9d47d89414c3bd6fb0ec70,2,Comp3,production_tasks
tf:1fbb90695ae347148ae5a1898d8a6203,3,Comp1,production_tasks
tf:710815605e904584942e9048edfdca85,4,Comp1,production_tasks
tf:e14a9b330c734149a9bcdcdf408cafda,0,Comp1,production_tasks
tf:10e8a5a38ed84f52bcc63f3bee800957,1,Comp1,production_tasks
tf:82510890ed1f4aca9acf5f1ba2895a82,2,Comp3,production_tasks
tf:f97005dab32644f2b3cd906f68b5819e,3,Comp2,production_tasks
tf:fd540b2b9af84deab1256bdebfe4f13f,4,Comp3,production_tasks
tf:ef7048c937d545519371af496dd0ac67,5,Comp1,production_tasks
tf:c8d535dcbb584a4aa179a0ab62b96b3b,6,Comp3,production_tasks
tf:d2c7328700e9478887a081a7bbcb1ad9,0,Comp2,production_tasks
tf:3b799c9982b64919b889bc09d5ead171,1,Comp1,production_tasks
tf:973e83fc624940ea8c794397a0574328,2,Comp1,production_tasks
tf:48cfbf74c5a04d5aac3749706377ba6e,3,Comp2,production_tasks
tf:9de96c4bb5a44be393c838a7dfac8cc0,4,Comp3,production_tasks
tf:19e5696e30154b2291e67f1e4b1af76a,5,Comp1,production_tasks
tf:b5ed0647d9074af89cebf10fd47fda46,6,Comp3,production_tasks
tf:3db7c7e1cd5b42c286984a5a1f023da6,7,Comp1,production_tasks
tf:8819b164984c4749a43b20c5f579f9de,0,Comp3,production_tasks
tf:e9d3e858cdfd4317b1455f0c063a1469,1,Comp1,production_tasks
tf:a0c54cd6d3694a518c5440c55ab0e882,2,Comp1,production_tasks
tf:0c81c59375794b84ae823628a4cf1ee7,3,Comp1,production_tasks
tf:bb2872a005344f9d9da7af56096fedda,4,Comp2,production_tasks
tf:0a87674bc4d5404d82a3570b4c4f260a,5,Comp3,production_tasks
tf:315fdb10874843d59232428947724bb6,6,Comp1,production_tasks
tf:19e8e2f9b5e645deb853798a5dcd93c9,7,Comp2,production_tasks
tf:38371435cef04ec895ce07a6e9160861,8,Comp2,production_tasks
tf:e4f01524c0374083ad3db97e0a52fa41,0,Comp3,production_tasks
tf:1ed9b72a3b23467d8dd3940c5fe27f56,1,Comp3,production_tasks
tf:3186d0507dbd4523bba89ff04a280e2c,2,Comp2,production_tasks
tf:aca1b37899524092b7f6a3a90f9213bf,3,Comp1,production_tasks
tf:7f353ca85703405eb3f10e4102be14da,4,Comp1,production_tasks
tf:3856e48056b24501b6fcc6f11fbe4aa7,0,Comp3,production_tasks
tf:d4fce2173dd3414dbcda66852ff91ad0,1,Comp3,production_tasks
tf:ca65a3b0096e46e88fa27fa853b21689,2,Comp1,production_tasks
tf:b8b9a838fea14a7d815556097c3f50cd,3,Comp1,production_tasks
tf:61536689829e4b09a9c8dacbb15ac44f,4,Comp3,production_tasks
tf:a931451c3fe04c778c3b1aa1c7e8b1ff,5,Comp1,production_tasks
tf:77ac954920444d748d8f89f66cb77a19,6,Comp1,production_tasks
tf:c09345e329a74f239cb2205e641de5e5,7,Comp3,production_tasks
tf:5f40eb7be0574c2686cef6c993ef174e,8,Comp3,production_tasks
tf:518acc110dff49f0a323178133653958,0,Comp2,production_tasks
tf:6659ba4472f045099a87b95f55099f2c,1,Comp2,production_tasks
tf:cb839b1b06b4486090e4933f37463761,2,Comp1,production_tasks
tf:9e6cfb6d7eeb4093afa3728faa6bff10,3,Comp1,production_tasks
tf:6a335a9dd62f40cc821079ac35ae8f09,4,Comp2,production_tasks
tf:a23505f4a3cf4e18a2d53a25d530e9af,5,Comp3,production_tasks
tf:35c04c4c7c7a49b89a7304c503a71861,0,Comp3,production_tasks
tf:77a8cb2f3d30456c95210a6945e564b7,1,Comp3,production_tasks
tf:ed308133d8f44d4a86f3bad6a7e44f5e,2,Comp3,production_tasks
tf:6a80444c00d340959383ccc3a6c74c10,3,Comp1,production_tasks
tf:8529e3c5c2bb4db888d2fbf0ae8dbbc1,4,Comp2,production_tasks
tf:bd76b95c9e6c4259880f421f8e815739,5,Comp2,production_tasks
tf:d5a65ae1fec94348bb59c2406660f3ce,6,Comp2,production_tasks
tf:cc837e50bf0a49ecbbbc9e009e48aeb1,0,Comp2,production_tasks
tf:ec031593920b47158a13dab7021fa83b,1,Comp1,production_tasks
tf:7e5340ddfebf4a63be87d52f8c05811c,2,Comp2,production_tasks
tf:22e5e8b8d7fc45f48efa83167696941c,3,Comp3,production_tasks
tf:4a37a14869a94d5e93752a2e53cf5eaa,4,Comp3,production_tasks
tf:7fd2edcafbf941a48248f20295b169b2,5,Comp1,production_tasks
tf:ed7d1ca23d9143028c12d7cb8d1d436c,0,Comp2,production_tasks
tf:63f15ae7bd734e3da4c8541a4f75ced1,1,Comp1,production_tasks
tf:a8687ee11d0d4d8e88087b863d3ed0f7,2,Comp3,production_tasks
tf:3212373c05934856814050476140d5dc,3,Comp3,production_tasks
tf:e4831eb8a9454a1c991db6c6753205c6,4,Comp3,production_tasks
tf:18aea02b681d47cb8548303572dfccd5,5,Comp2,production_tasks
tf:463e3a0cff48476d979f63a633cdfcd3,6,Comp3,production_tasks
tf:0c8fbf75900048128a2c38e8273eae04,0,Comp3,production_tasks
tf:972b8166b6b749b6bbad878b06d47d55,1,Comp3,production_tasks
tf:037612b9e2b841899aeff33fbf3d61ff,2,Comp1,production_tasks
tf:22500a46e1e44ce199be7602c2f50e47,3,Comp2,production_tasks
tf:94372406216c4a5ea88213bed80f14e9,4,Comp3,production_tasks
tf:1d404a296c5449d8b162c7479957ff22,5,Comp3,production_tasks
tf:542da1d666b842a5a804433e370502b7,6,Comp3,production_tasks
tf:9618509458be405f90d939a0ec349ad9,7,Comp1,production_tasks
tf:4022f8175ea14de78c1b71ebf4d81e1e,8,Comp1,production_tasks
tf:ca9e6f96a0b1442e944dd93a4b4144a6,0,Comp1,production_tasks
tf:1d500301b7704ee0b32d0cfa3d9a89b9,1,Comp3,production_tasks
tf:0f33c5a612b843bc90ff2899eb809887,2,Comp3,production_tasks
tf:d0c79f190c0a42e08bc45b3e9b223e2f,3,Comp2,production_tasks
tf:0a8869ef99be4b078ca8a35556fca995,4,Comp2,production_tasks
tf:2323c55dde714e89a63f7cafe4492537,5,Comp3,production_tasks
tf:600818ba6e884d5fb09b77a894a92cb6,6,Comp3,production_tasks
tf:0c3fa84f5067476d83ce9b69f6772111,0,Comp1,production_tasks
tf:9de69360d2f64cc5bbc3fc9510fa9553,1,Comp1,production_tasks
tf:3cd47f71f1e641e99d9e5ca73b5ae934,2,Comp3,production_tasks
tf:792237f7a94846699894ff0481cd2fd2,3,Comp2,production_tasks
tf:96321e0c9c3d42fba78ef16210784f23,4,Comp2,production_tasks
tf:a9cb27783dad4d66ac6f91d99a146ac2,5,Comp1,production_tasks
tf:eb8c8129abf141afbfdf6920fd074728,0,Comp3,production_tasks
tf:9cd4a56740da4d5bad034a5ead9860e1,1,Comp1,production_tasks
tf:e3368775fda148ed93e97105524ed255,2,Comp1,production_tasks
tf:161b0ba09b774cad9fcdcae23f435d76,3,Comp2,production_tasks
tf:7fa201000b164f43b8dbec00363cc80d,4,Comp2,production_tasks
tf:6a33c5756f524f5894ff4b9a033d399b,5,Comp1,production_tasks
tf:86bdab1b43db42729623e52d25e59529,6,Comp2,production_tasks
tf:4c9856642b3f45fdaa8a002f9b1a04d2,7,Comp3,production_tasks
tf:567b0579aef3411aae7a3eeac6c51788,0,Comp2,production_tasks
tf:c8f92551b9734a0f9536c71f8193afeb,1,Comp2,production_tasks
tf:d4c32a6962ae458bae626e216d242130,2,Comp2,production_tasks
tf:00942e0388e74092abff854d2154778d,3,Comp3,production_tasks
tf:18b089c4e0204e398595794f881187f7,4,Comp2,production_tasks
tf:7036172e5a894b889c18e5281bb21330,0,Comp3,production_tasks
tf:5d08cf4ab5ce436e972adc26868bfeab,1,Comp3,production_tasks
tf:b6510349fa994f13bd8e972991468750,2,Comp2,production_tasks
tf:eb8ca4b6d2e3471fb2a35654d082e038,3,Comp3,production_tasks
tf:ee97875575104b30a01ad0dabb5d0dff,4,Comp2,production_tasks
tf:fb61924631fd499ca138ba378e7504e4,5,Comp1,production_tasks
tf:a0e16d87ced244548392992c859ae111,6,Comp2,production_tasks
tf:9b0eab0e62af4dec96a027cabec50292,7,Comp3,production_tasks
tf:c75f9cc118804d25a2bd36a6063e517a,8,Comp1,production_tasks
tf:e3e38ec2cd184b349099c9380501bbd9,0,Comp1,production_tasks
tf:d7ecb072697f430eba67fcc1aeb50dd0,1,Comp3,production_tasks
tf:ce9c71f171c0471aac8acf502673e165,2,Comp2,production_tasks
tf:1ef125cd8e954463bf7af0578a6172ea,3,Comp3,production_tasks
tf:ff237dbe0bf646be9ecb2b6836cc63e5,4,Comp1,production_tasks
tf:fa9c36c38f4d4acea8585a40d6ce8d0c,5,Comp2,production_tasks
tf:7a02918d9fa84ceb8b4e166cb7376080,6,Comp3,production_tasks
tf:1a6f9746394847f78d6e678264219226,0,Comp2,production_tasks
tf:27ab7434e3cb400d8bcb5944fb78dfcf,1,Comp1,production_tasks
tf:c53a1f10ba0e4103a9c5551e4ffeb310,2,Comp3,production_tasks
tf:f7797771dd4949ddb5b22e2bc823767a,3,Comp1,production_tasks
tf:bf5e171da6a34c4ea31ea72a52a7dfe0,4,Comp1,production_tasks
tf:dcd1e2138ed04a66b3e3089802016915,5,Comp3,production_tasks
tf:4adb095d349d4a79adaa9deb6c2a5b39,6,Comp2,production_tasks
tf:95df0d0ae45a410190389034ac80397b,7,Comp1,production_tasks
tf:bfb3b85806f64a8fb588380b40634ac5,8,Comp1,production_tasks
tf:1108ec785a0948dfaba2aa856719f6aa,0,Comp3,production_tasks
tf:f06a8e96bae64fd1952baba462f966a4,1,Comp1,production_tasks
tf:d28bc88f9b464c1fb80eeb947e8bd238,2,Comp2,production_tasks
tf:fe490b08d3b24c3f8833cc33dfc76116,3,Comp1,production_tasks
tf:37d11e829876424ca6f93343e0b800db,4,Comp1,production_tasks
tf:2a6b06fb1c0942f3905bcbd783a18e43,5,Comp1,production_tasks
tf:18a4e1b3b9d64e3cb4ecf7adbcbf76b6,6,Comp1,production_tasks
tf:1615eaf2af794a8ca1b383923754a6c1,7,Comp3,production_tasks
tf:8a0c4347529443ba96a17a54b6ebae4f,8,Comp1,production_tasks
tf:ddebb2335e15450fb7598ed5f1e957f0,0,Comp2,production_tasks
tf:db2ea1294cf14d599187854545465df7,1,Comp3,production_tasks
tf:55fe316f3c2c43339fc7b06df49d9b33,2,Comp2,production_tasks
tf:6614ed4ba14246d9bdae40cccc7cabd0,3,Comp1,production_tasks
tf:94d2a6d8e12f4f1e9fff599c347ef8cf,4,Comp3,production_tasks
tf:a5a1d21b7f1140e7a8365042bd066449,5,Comp3,production_tasks
tf:8dff0d9a9a8c4e3e90e71fe2d0cb1d4d,6,Comp2,production_tasks
tf:4e10a58905a94fa1acab56ed7b252467,7,Comp3,production_tasks
tf:a0e10ddebf4e453db84777c0d1c5dbf4,0,Comp1,production_tasks
tf:f9d77c1ad0b54e0480e63cc3b8b644f7,1,Comp1,production_tasks
tf:daead65848f2421bbd30a66226db5c87,2,Comp2,production_tasks
tf:ad40796f5d97495ea1e9fb8a5de17a64,3,Comp3,production_tasks
tf:f72f74a0597b42809586378daf86bcf7,4,Comp3,production_tasks
tf:e5da164a445842a387b942f113ac2e86,5,Comp1,production_tasks
tf:2c9ec274620c4511a6e55423d177a789,6,Comp3,production_tasks
tf:fdbff9aa2da1405a9d40c5cc6a4d9a0a,7,Comp1,production_tasks
tf:9297f90325424b0085a49bd11bf44ecb,8,Comp3,production_tasks
tf:73d5e6cc924147899131b374f1bde73b,0,Comp3,production_tasks
tf:41c7a01190864f6d9ba503599c79a234,1,Comp1,production_tasks
tf:5ad733841050420e9cf2d3cbf4e93759,2,Comp3,production_tasks
tf:8bca3e0c2d454aedb98076054f81f52b,3,Comp3,production_tasks
tf:06893f8945d949a0a5dd415577df487b,4,Comp3,production_tasks
tf:867f7024063e42669ee5080a00f16870,5,Comp1,production_tasks
tf:dd2df4828c5145d2abfd713d9c51cb95,6,Comp2,production_tasks
tf:c72c0d45aa71497d949e9392043f2865,7,Comp2,production_tasks
tf:ac1a37b189b24f71aec489d51088bd4e,8,Comp2,production_tasks
tf:48731a3c8e0d4b75adb14396b600d427,0,Comp2,production_tasks
tf:a2bc55fe39ce47f78c2539868a801b2e,1,Comp1,production_tasks
tf:a8325b4f50f242929e65f49358295392,2,Comp3,production_tasks
tf:62770573f30742afbafb611675626ed6,3,Comp3,production_tasks
tf:4aa93e17d4444149ba65fd90142d4827,4,Comp3,production_tasks
tf:f30cf2f9f89e4ddb81c4be724571c5d2,5,Comp3,production_tasks
tf:f4c4005f85a14cce9f5f0202dae60184,6,Comp3,production_tasks
tf:5953ec698d0b48ea8eb72052aaa3ea80,7,Comp1,production_tasks
tf:1229af4d58fb48739be31d54efa777f8,8,Comp2,production_tasks
tf:701bf0e45f94464b9edbe64df6b4e9e0,0,Comp3,production_tasks
tf:38b5905492634298a2a5f90bdc0de916,1,Comp1,production_tasks
tf:244d2029b30348819252ae3a47910c55,2,Comp2,production_tasks
tf:ea721700210840979db7593e824bee29,3,Comp3,production_tasks
tf:b3e1a20b90a742cf986218b0118d0850,4,Comp2,production_tasks
tf:4edfac6acf6741f29c53765fbaab8d94,5,Comp1,production_tasks
tf:d4beac94831b4ba793e090279c581a1f,6,Comp1,production_tasks
tf:0a5f0b88cf884bb787152f981867ebd8,7,Comp1,production_tasks
tf:a0bf40805b9d4fbb8dc641adce3f4469,8,Comp3,production_tasks
tf:1c44771313574b3ba560b13d267c05e9,0,Comp3,production_tasks
tf:e6069c0995b445d9a964af7d1e589009,1,Comp1,production_tasks
tf:25c5057538db43539f76761ffa37f5cd,2,Comp1,production_tasks
tf:1d5c04d99a764151bff41fdaac111805,3,Comp3,production_tasks
tf:5ff591116ac24528886de93c46466e31,4,Comp1,production_tasks
tf:240e6e4b02c24f189b9623d1638cac3a,5,Comp3,production_tasks
tf:63420fe7e1964569902e6c3f9f2f1599,0,Comp3,production_tasks
tf:3a9555ca25154ede918981c59cea6065,1,Comp3,production_tasks
tf:5d0453666e50434d86646be1955685c6,2,Comp3,production_tasks
tf:6f5f41dd9e5149f8b334afd0b5a856eb,3,Comp1,production_tasks
tf:c4c850fc074847a49af80f754c50968d,4,Comp2,production_tasks
tf:c8ef7c48c2bb47d383ee2128c3ceecba,0,Comp2,production_tasks
tf:09d0e20e216e4914b9c1db5fef74e387,1,Comp2,production_tasks
tf:4f8c45543df442668dafe1be42642cc2,2,Comp2,production_tasks
tf:90e2aa18a1ea4e6d97e9403afde5cc39,3,Comp2,production_tasks
tf:755a64415a214eba8ed30b92501ebbb6,4,Comp2,production_tasks
tf:2716d8c0421d4ecfb61e748045e2b857,5,Comp3,production_tasks
tf:2e379f6425464ff4a229cddb3a5ddf8b,6,Comp1,production_tasks
tf:fa808db74e49435ca03448ac7d07eed8,0,Comp1,production_tasks
tf:dc2f8a7b5a954544be32882b0b420d51,1,Comp2,production_tasks
tf:e4eb78e90a3e49178c35437c7af54fbd,2,Comp3,production_tasks
tf:caa5fc15281d4f81983a315f464451b8,3,Comp3,production_tasks
tf:64b04da0786745e1bddab9d0e1d7c1ae,4,Comp3,production_tasks
tf:81762e0fcedc473589dff9e207f6876e,5,Comp1,production_tasks
tf:0ebd96ef94e34738ae8a07a625e8444e,6,Comp2,production_tasks
tf:3a10b48b1e714338838398034921a16c,0,Comp2,production_tasks
tf:2d0560681ed845e48d1849eded4d80f4,1,Comp2,production_tasks
tf:cf87cb443d3a481cb7dafb5210cfee99,2,Comp2,production_tasks
tf:e032a031b2214b6c8b0dd3f3c9f8d051,3,Comp2,production_tasks
tf:7a81c58110884516869a1995ca6578b3,4,Comp1,production_tasks
tf:04ddd1e2c1d9485f9e38c5f569b87958,5,Comp1,production_tasks
tf:6b06e607da534f10868108eca1dda040,6,Comp3,production_tasks
tf:fdf350470999420e843e567605a282dc,7,Comp3,production_tasks
tf:dbbe445a361a400ebf422874081fee09,8,Comp1,production_tasks
tf:62d66cb010f54baa9cb7dbe132094eac,0,Comp1,production_tasks
tf:7bd5a49614394085bb8b76be4ac50a94,1,Comp2,production_tasks
tf:4d39d39ab6284388a65809af49f81aa8,2,Comp1,production_tasks
tf:1065681618af4339ab0029fd1a1692f4,3,Comp1,production_tasks
tf:4d7a0a7d732044179ec85088367b892c,4,Comp2,production_tasks
tf:4acf5e37863143d1883eb324774b64a0,5,Comp2,production_tasks
tf:bab10d4dce104c52ab237bd407635888,6,Comp1,production_tasks
tf:733db0990d6e4e6d9b2b4e6541e169d0,7,Comp3,production_tasks
tf:f308a44f5dc1438e8864699be7702742,0,Comp1,production_tasks
tf:24099dd4941843dc8daf1b66814b5251,1,Comp1,production_tasks
tf:625eb9d5b03e48c8a7d122e2ef17e3cd,2,Comp1,production_tasks
tf:d1cd47e0b8a94b08a197f3be452876a9,3,Comp2,production_tasks
tf:bdf1dec729a047aebc23916c95629f64,4,Comp2,production_tasks
tf:17a746b5f949443f80ac9cd064a716f1,5,Comp1,production_tasks
tf:4f3834bcd71542f0aead7357af39a35a,6,Comp3,production_tasks
tf:70d699aee2564aa1a496a50ba9ee673e,0,Comp1,production_tasks
tf:1d730aad40ad4709b2a2d2180a121c02,1,Comp2,production_tasks
tf:14affe59ff3a48e5a72a7bd426ca3c7e,2,Comp1,production_tasks
tf:ae9c4d333aac4ef3ae7e23e2613268b1,3,Comp3,production_tasks
tf:a7a6a669e1334534845b8478da02717b,4,Comp2,production_tasks
tf:75dba3a9b064467b84458fd47e33e59c,5,Comp3,production_tasks
tf:d3148bad995847fba077b2033567d634,6,Comp2,production_tasks
tf:2aea240b280d428193b01d16e177c1b2,7,Comp3,production_tasks
tf:d33b31f5192b453d8f6f138db17f0e93,8,Comp2,production_tasks
tf:f07f17cc31bc4ee6b2a7b2af1b487d9a,0,Comp2,production_tasks
tf:01151e9379454365bb8429d22ef78196,1,Comp3,production_tasks
tf:dd82a513837940f4a278052b8b2e0d60,2,Comp3,production_tasks
tf:e6d53df097e645dfbd046531c6db26f2,3,Comp2,production_tasks
tf:d2b846b0044e4f8db53d69dcbdd3c528,4,Comp3,production_tasks
tf:3689682b70e54a88b80f5edd8eedd122,5,Comp1,production_tasks
tf:4271dfbe086b4029913b108301980d5a,6,Comp3,production_tasks
tf:e5fab515c15d4c7c8d63ab0d62a141ce,7,Comp1,production_tasks
tf:26aee14eb58b4303a6247f5c276d450b,8,Comp3,production_tasks
tf:2f90542ffd2e4897b12ad7f807c52c12,0,Comp1,production_tasks
tf:b8f45954a89c44fd8fe496bc6e2a12ba,1,Comp2,production_tasks
tf:4ba3dff9cc1f4a64b0bca8da1332f68a,2,Comp3,production_tasks
tf:b474c43a7bdc4d49b5a532acd4eb0dbc,3,Comp3,production_tasks
tf:e16ab30ef67e49f0abfc342bf4322a53,4,Comp2,production_tasks
tf:71627490d75e49e08cb834eb01c94547,5,Comp2,production_tasks
tf:2b04caa088e14264a5fa5c41a2687153,0,Comp1,production_tasks
tf:fb03c93a9a734dd4a7e7d79c3d953253,1,Comp2,production_tasks
tf:c3dacb6c33104851b33e90c318e130ad,2,Comp2,production_tasks
tf:16dafdcdef3c408995546c3b22d29b44,3,Comp2,production_tasks
tf:a0843c6c871c42be8ba54a4928e971df,4,Comp3,production_tasks
tf:2a16cca42b4e45d0b0347006db6b36da,5,Comp3,production_tasks
tf:a1a6b8a52e494f71bd089b9228d921ef,6,Comp2,production_tasks
tf:6c60f07ce6e947dc8f2c70fc6c436698,7,Comp3,production_tasks
tf:fda2e45302734e05a1f3fe2362af83f7,0,Comp1,production_tasks
tf:59d43af5f1094776a48fce1927121b75,1,Comp2,production_tasks
tf:d8e3bfa6725f4b7083e1c6d906c08188,2,Comp2,production_tasks
tf:087c7b8e1664464cba04c73369cee059,3,Comp2,production_tasks
tf:7269117587df43c88251611da4b5cf84,4,Comp3,production_tasks
tf:9e1ec12d8abf469480435695d1e11688,5,Comp1,production_tasks
tf:95132c8fba224ca29fe63e85d0877556,6,Comp2,production_tasks
tf:ace7106d5af54f3daed7f0d34b4d17cf,0,Comp1,production_tasks
tf:e5f2ea47639f49e1b7df51b1966d642b,1,Comp2,production_tasks
tf:2cf50088cc764c398e0725b34882090d,2,Comp3,production_tasks
tf:0ec9bfa1300a4c38b57c4728aeef78b1,3,Comp2,production_tasks
tf:5f1215c129004847b925b1c22cff0a9f,4,Comp3,production_tasks
tf:78399723e58542c281618e9422149c58,0,Comp1,production_tasks
tf:6db18c4e6ee04b39a77237e167aab2c0,1,Comp3,production_tasks
tf:9550ac31f095494b8ce344912420d4a2,2,Comp1,production_tasks
tf:96c4d92437b049c79f2b5d2d810b5ce0,3,Comp3,production_tasks
tf:5904184c96a349139e2dd06192b1355d,4,Comp2,production_tasks
tf:88e61857c813448f92526f7a07b02c33,5,Comp2,production_tasks
tf:9da1b4ade21b4a1abc54630f8ff8b4ab,6,Comp2,production_tasks
tf:de1b19edc88141498d18e43611909ced,0,Comp3,production_tasks
tf:0c0b4d2df47243e8b6c5952e852c7d7b,1,Comp2,production_tasks
tf:f546945079fb482db5e07abaff0910d7,2,Comp2,production_tasks
tf:a20d28cc694c430f9775ad5965ac2644,3,Comp2,production_tasks
tf:e871fa234ddb4a68a89c2ea5b77d45f9,4,Comp3,production_tasks
tf:75e4d4b1fa164fdebc0423001200862f,5,Comp2,production_tasks
tf:ba1d0f94139c45ddab871e7276efdcd9,6,Comp1,production_tasks
tf:afcb0657d346449bb32bb41a161e033f,0,Comp3,production_tasks
tf:6e1a19964c62421e9ecc7c8380bb2109,1,Comp3,production_tasks
tf:94d76a3a27bf419dbb1450ef930e06d4,2,Comp3,production_tasks
tf:41bcf24c048244e3a7c2db65f1388d5c,3,Comp1,production_tasks
tf:14edfbed304840e49293b511805d2bcd,4,Comp3,production_tasks
tf:76b78ab199d042ed8a5dab746c7dc648,5,Comp2,production_tasks
tf:4b60d63dc0494bd78d44214b6e0d71dd,0,Comp1,production_tasks
tf:d3abbab4d3cd4c50bb76d52d1e895467,1,Comp2,production_tasks
tf:d5183a3a42424ad7be2888ecc74c62c4,2,Comp1,production_tasks
tf:2d7e3890ac0b40e99512df01b08c9e1c,3,Comp1,production_tasks
tf:2823c50c82e94d41878ba1bae517c682,4,Comp2,production_tasks
tf:b1ec395ccbc049f3ae1b5f81b0b31fe9,0,Comp1,production_tasks
tf:93c28d83da0d41339b5e9323841ddd3b,1,Comp3,production_tasks
tf:529cade4696642099063a54c8d102bf4,2,Comp2,production_tasks
tf:df108ecab7884ff1ac92be159682129a,3,Comp2,production_tasks
tf:e047fc81818f41ae93331c0e9d7e3f43,4,Comp2,production_tasks
tf:9c3ddde272794fecb9685f5cc050a533,5,Comp2,production_tasks
tf:9504a12932cf4b289542709f49315faa,0,Comp1,production_tasks
tf:123e8b29a2c041a1890fd4652d520118,1,Comp2,production_tasks
tf:c0443584d79c40aaacd364218569bc7e,2,Comp2,production_tasks
tf:a5ec899c44cb47d1a72077c92d4d1059,3,Comp1,production_tasks
tf:c1915c8aab4e4cf9aec3bf8fd4b442a3,4,Comp1,production_tasks
tf:0a1e702b37da40f4b1cf81fc6eba4b1d,5,Comp2,production_tasks
tf:b5b444a4475e4533aded7bf3f43f4783,6,Comp2,production_tasks
tf:5830de47684642d898a89fdfd1484771,7,Comp3,production_tasks
tf:cfe5834c4c6d470a808e2300d501cf82,0,Comp3,production_tasks
tf:b313d031d8d1496b88ded6782e71037d,1,Comp2,production_tasks
tf:2cb29641285c4fc3853a058fcc0244e6,2,Comp2,production_tasks
tf:9b87a58ac1e14056ae9f6455cbb87333,3,Comp1,production_tasks
tf:453a8a29860d4d4a9116ab83441847f8,4,Comp2,production_tasks
tf:064699b255ed41dfb9cc0ede04555dae,0,Comp3,production_tasks
tf:c3e33b1aca3a4cc38e26a0201448d287,1,Comp1,production_tasks
tf:15c946c4747b4fb88b108446ffe4f728,2,Comp2,production_tasks
tf:93dba8d9000441bea99908d1a9f0aed4,3,Comp1,production_tasks
tf:d5450afcdc214482b5af2ba15796e0f5,4,Comp1,production_tasks
tf:c409cba9f2ec44a3a41efca5a8945306,5,Comp3,production_tasks
tf:7686ed3e13f64597a7a0e0e019529e7e,6,Comp2,production_tasks
tf:fea2054dd15542dab980e6c23a088572,7,Comp2,production_tasks
tf:d2437a57c58f4a449d28b9ea3b326973,8,Comp3,production_tasks
tf:3e791282354a4a8d9ace3f24e4cb3ab6,0,Comp2,production_tasks
tf:c139fedf24d949838c8217e9f3582066,1,Comp1,production_tasks
tf:f7c51853f99b443f93a9992c96bf12fb,2,Comp1,production_tasks
tf:2755c7f7be794235916666a799b1bd94,3,Comp2,production_tasks
tf:533626990867419fb037c6c75d5915cc,4,Comp1,production_tasks
tf:3e9a24fa92264e4184732dc7283790bf,5,Comp3,production_tasks
tf:1747aad3250a410697be31e812657e24,0,Comp2,production_tasks
tf:9d0ced0d9a254c5e8ddd56fa129a0690,1,Comp3,production_tasks
tf:7512a7f81f254bb2a9d41e0f5134943a,2,Comp2,production_tasks
tf:65c51e53d3b14ffc8d041b5b9e8a5415,3,Comp2,production_tasks
tf:a291297cbab84c32a411e84e4837e396,4,Comp1,production_tasks
tf:544cd0063fb641c48c03b7670092f9e8,5,Comp1,production_tasks
tf:1ccb0ba1db7e4de9bcd82fe6a828a2fe,6,Comp2,production_tasks
tf:6165a9c31b124e0b8e96674a15ef0cf3,7,Comp3,production_tasks
tf:2a2ceb1b80334934813764e9d2e926fd,0,Comp2,production_tasks
tf:321f89500c2340b2a8799875cafcdecb,1,Comp2,production_tasks
tf:67cdcf2087994f7783cefcdf622e91a0,2,Comp1,production_tasks
tf:b41ded20056e4faba40ac2d3e36a6c27,3,Comp2,production_tasks
tf:3bfdfd074cf547c693184537563bd73e,4,Comp2,production_tasks
tf:c298d79b50fd4489b588ea42b776648e,5,Comp1,production_tasks
tf:cb6f5542ad834399ab39ab501c30014d,0,Comp3,production_tasks
tf:33f8fa2c5d0c4f54a60201ece82113fb,1,Comp3,production_tasks
tf:9c14e79a6036401dae2a8bc32c18cb55,2,Comp3,production_tasks
tf:701fd0176aa4430fad7e2cd3f5305b14,3,Comp2,production_tasks
tf:940ae00c11af40eb959bcff881d9fb24,4,Comp1,production_tasks
tf:1a350c8aed21474f8f173de71ffa9fa8,5,Comp1,production_tasks
tf:95e2f99a8af640d38f1247d5e735af5f,6,Comp1,production_tasks
tf:8905a39afa1e420490c75fdb1443bd9a,7,Comp1,production_tasks
tf:1337562b86494161a5eb2a9d4d3d3630,8,Comp1,production_tasks
tf:3dd237d717c94ac5a8a1e9a1d41cf887,0,Comp2,production_tasks
tf:55ecfe37ed8f485ba6ffc36604edd31a,1,Comp3,production_tasks
tf:15532f4be52c4b099995a4120615d22d,2,Comp2,production_tasks
tf:fe81485f3b174ec9ae86bb3bb7f56c53,3,Comp1,production_tasks
tf:c7caf7f5fe44430fa2424bf658f7bbff,4,Comp3,production_tasks
tf:9a0b03abe3a544fd80a6ca0fd07e93cb,0,Comp2,production_tasks
tf:d9b4d96d989b4d04bb6c36631afd6a86,1,Comp3,production_tasks
tf:649f878e4c7c4b6bb8800b948002dd03,2,Comp1,production_tasks
tf:6fe7b082678f461b948080d0fda2d4f7,3,Comp2,production_tasks
tf:b30a93cb819d4fd0b75246e08f318aa9,4,Comp1,production_tasks
tf:f9d4825b14294b8fbd2a751e5ac28a66,5,Comp3,production_tasks
tf:928d2e3054af42bca89c594ed1d0fcd4,6,Comp1,production_tasks
tf:7d5a363934f647399cfc75f93de383da,7,Comp2,production_tasks
tf:dc5dc9341e0944c28b23d054f162dbe4,8,Comp2,production_tasks
tf:043f0707c69b4a57a9c5251e07d55c46,0,Comp1,production_tasks
tf:a6d258023a8c4775bea5de9f1bf9ed7c,1,Comp2,production_tasks
tf:0e1826d67d08478fa6a09df384a9f2c7,2,Comp3,production_tasks
tf:61255cf613d94b258b5fdc168ab97715,3,Comp1,production_tasks
tf:7f6d471ca24946f2ad023ac762170731,4,Comp3,production_tasks
tf:003cae726b714ed3820c60a8e312260e,5,Comp1,production_tasks
tf:5d7790a7a2704b80a99923f4dfb107df,0,Comp2,production_tasks
tf:49e38f22eb5e4140bd02913a881c7f1c,1,Comp2,production_tasks
tf:7327649a98b8450283f254b196202b9d,2,Comp2,production_tasks
tf:1a422f576c5b4ca7b89350d52fd0ea0e,3,Comp3,production_tasks
tf:6864860b8b9d40c59a59023bf9d3cce2,4,Comp2,production_tasks
tf:8af0c246b3c94f49ae16f1d490a564e6,5,Comp3,production_tasks
tf:02f95d2318774098a2130578087581e6,6,Comp3,production_tasks
tf:c7fade17f2384cb3bf515de8deef246d,7,Comp2,production_tasks
tf:688c4c8483b449398b5ed0dd6221d31e,8,Comp3,production_tasks
tf:2bb3f7818f6c4d55bf5387c54e4faf61,0,Comp1,production_tasks
tf:1c153bd2036947e5961e5936a59120d5,1,Comp2,production_tasks
tf:205b2894725d45b7a56a92b86275a3b0,2,Comp3,production_tasks
tf:b6b3b55a51664af7aada12846efba37c,3,Comp3,production_tasks
tf:51ed3c0cd4cc473cbc723f7ed8599899,4,Comp1,production_tasks
tf:e9969b18d8314c0a8b46050dcfeb64e7,0,Comp3,production_tasks
tf:f5013d3522ef409d901adb941d34061b,1,Comp2,production_tasks
tf:6170be036ed44b9ba95d1a6623093def,2,Comp3,production_tasks
tf:950b5632dcb749f3826c671b0dc38fdf,3,Comp1,production_tasks
tf:12340cf8c3084bf6bfe16c38997cc649,4,Comp2,production_tasks
tf:14523fc36d324d81a2953caa4f9f8662,5,Comp3,production_tasks
tf:89b5553856f54b0084209c05ae7ee688,6,Comp3,production_tasks
tf:d0c9c90187ac4d8b855a95fa8e9a7f1a,7,Comp2,production_tasks
tf:8cd529c857374e34bfaf6debc2e0de87,8,Comp2,production_tasks
tf:01596aa46efd409ab8a871a848b80b53,0,Comp3,production_tasks
tf:6557f851091e4603bae599349df1768e,1,Comp1,production_tasks
tf:7ae1f552d7eb43038adc3fb4af69f0aa,2,Comp3,production_tasks
tf:c73d227bd9044c88be6371cc8a28425a,3,Comp2,production_tasks
tf:85b44cf0e1694c6ca1ab8320e668f94c,4,Comp1,production_tasks
tf:aae1d304b6194080851f0d69b94ba14e,5,Comp2,production_tasks
tf:c2838a67cb8449838225e78ea7ef9e3b,0,Comp3,production_tasks
tf:4814efad327c484fbabde5d84f34ef6a,1,Comp1,production_tasks
tf:977e8e5c184d4d95b4c59d96638e7524,2,Comp1,production_tasks
tf:c791f9268bee482ba1dd4a15b1c29ae4,3,Comp1,production_tasks
tf:0a1dae57454c4affbb522319fef3e253,4,Comp2,production_tasks
tf:3e752cef73b244bb879636d449829b1f,5,Comp3,production_tasks
tf:6472b593f1eb4671bc31952e0ac762fb,0,Comp3,production_tasks
tf:a71c5d4192b244f78b9c2e5d28ce7225,1,Comp2,production_tasks
tf:ce1efa0d82f34246ad345d12aed0f033,2,Comp2,production_tasks
tf:93e31b58e8e9422198ba8408887295a8,3,Comp1,production_tasks
tf:09356f4a7de84adba4a54bed6b4d44c4,4,Comp3,production_tasks
tf:9d54fe12147a4b2a851707eac8d7d670,5,Comp2,production_tasks
tf:8a49b14fd0e443c4a37493c6e023e95c,6,Comp2,production_tasks
tf:fd6d6ca6611e4210bc0e519ee96f9e34,7,Comp2,production_tasks
tf:b3a70279a48143cc85c17544d478515d,0,Comp1,production_tasks
tf:c2fd603933444a8c91fca9a7b9954764,1,Comp2,production_tasks
tf:64d62da4860743af91f64b150cb53857,2,Comp1,production_tasks
tf:4bba7ef4759a48afaadccd12895ec0d4,3,Comp3,production_tasks
tf:28035e2bdd374ed48431f265c2f9b48a,4,Comp1,production_tasks
tf:d00d18011d024d9f9a643e8151b2095a,0,Comp1,production_tasks
tf:097903dd6b3644fca4ee0942d69521e9,1,Comp2,production_tasks
tf:696c081e949b4fe28aef36c5f1bd8556,2,Comp2,production_tasks
tf:33a2096805054fe2b45b802887c1da34,3,Comp2,production_tasks
tf:eb56552c8a254b5899c16839d636059e,4,Comp1,production_tasks
tf:1d3eb6bdd0964282a63b8575cbe53143,5,Comp3,production_tasks
tf:d034c0970ad242dfa7ff02e60a14dbeb,6,Comp1,production_tasks
tf:16754687dfa0479cb05eaf4dbf746baa,7,Comp1,production_tasks
tf:872ed7dc096848c1b74341039e628461,8,Comp1,production_tasks
tf:3b638afbe95948c5bfe3672cc6000e31,0,Comp2,production_tasks
tf:6b6f18507c9b414f8649dba03d4f4bc2,1,Comp3,production_tasks
tf:5b4a1dfa84ab4c0488abd6ca20fb1678,2,Comp3,production_tasks
tf:8b02cca9403140329968d65049c438f3,3,Comp1,production_tasks
tf:399a4e92b3c342148947745c96d29193,4,Comp3,production_tasks
tf:0b1de43d576f4d2ea493de2e5939fadf,0,Comp1,production_tasks
tf:3889c46264494425b10bc75ff0c67f82,1,Comp1,production_tasks
tf:9bc8c8e27d5c47c6bdf937b1a1b76104,2,Comp1,production_tasks
tf:8eb4150fb11041178c3ec4ec7e612104,3,Comp3,production_tasks
tf:f82e2328c74e4dd4ba5e3a00465906dd,4,Comp1,production_tasks
tf:1a6ba5e5095f495892b0324cb68f9cb1,0,Comp3,production_tasks
tf:b35304adf8e34d92b59946cbc21e6389,1,Comp2,production_tasks
tf:1bf642f619b44b5087d4e7baee4f17bc,2,Comp2,production_tasks
tf:62705fa219ca41cea6212708b412f8ab,3,Comp3,production_tasks
tf:92a7d7ae871f4716af912e672a6869ef,4,Comp3,production_tasks
tf:acfbbba5650d4519adcce38feba2a9e1,5,Comp2,production_tasks
tf:c851959197484804ad55a2b771dd2ef7,0,Comp2,production_tasks
tf:4527b573d1a34f198d004a50adaf804b,1,Comp3,production_tasks
tf:db67688d432b4ac88373af0db8e34a1e,2,Comp2,production_tasks
tf:4df89b9e513349648dbb4ed0ff078400,3,Comp3,production_tasks
tf:8f4bd6332059449e834854e2d3afcfb8,4,Comp2,production_tasks
tf:09cc21a9343149d5b5e875d434d912c8,5,Comp3,production_tasks
tf:4ece4a8445c04801a0415f97ac4ca7f8,6,Comp2,production_tasks
tf:1a66cd77aa824f4ab7152eab95d2744c,0,Comp2,production_tasks
tf:d5aa9b5d78fe42f9bb1454b1b5aec9d4,1,Comp2,production_tasks
tf:2a2e7c45168745769515dbd630862bd4,2,Comp1,production_tasks
tf:25c0237d90f74e9fbc7f412a2da7c4de,3,Comp1,production_tasks
tf:55e94849e88b453ab9eb206c1622caa3,4,Comp2,production_tasks
tf:9823a396f0a64d16bcfcd11331179ba6,5,Comp3,production_tasks
tf:79dfbaf57e3e4765a290a5df8fb0e39c,6,Comp3,production_tasks
tf:39b5c24e74fa4d74829c2be30c3a1326,0,Comp1,production_tasks
tf:086d312f65a64a63971ad35ccaadaffa,1,Comp3,production_tasks
tf:5a679b21f2f440319dda6cd0bac78c7d,2,Comp2,production_tasks
tf:fc425eb53fdb4b09838c1e01bd8b80ea,3,Comp2,production_tasks
tf:16032bb730e84d48bfbb72413f87d0f3,4,Comp2,production_tasks
tf:95278324366a48c4acfbb31cbb27399b,0,Comp2,production_tasks
tf:821622aac9384d7095218f30236805eb,1,Comp3,production_tasks
tf:8507479bf47a4db590d00ab351836c2e,2,Comp3,production_tasks
tf:98eb27f981474c8ab9ca216f1c7c8b9a,3,Comp2,production_tasks
tf:52ab70730f434e81aaaa5722c0e579a5,4,Comp2,production_tasks
tf:a1b7736636d3491296d11423bbe02c44,0,Comp1,production_tasks
tf:cc5528f3814345d7963e14a2a5949e6a,1,Comp2,production_tasks
tf:4f2f5440ea1744dfa684b44a09b81f44,2,Comp2,production_tasks
tf:0dbb8d7ee5a844e3b8fb79c732b1bc2f,3,Comp2,production_tasks
tf:316df388624b4a5da4a6281a454d70c1,4,Comp3,production_tasks
tf:118b5325d5ef45a3aabd08c594dad530,5,Comp1,production_tasks
tf:b03b1c53fc224112bf874e2f2b17b450,6,Comp1,production_tasks
tf:3daffca9b6fb470fba220e0076ca2847,0,Comp3,production_tasks
tf:193a73be6c4a47f8be805c73e4ef82cf,1,Comp1,production_tasks
tf:fd6dd770d4fd4710a38665ff8e71694e,2,Comp3,production_tasks
tf:ad9176ee953943cfb0b16f361268e102,3,Comp2,production_tasks
tf:cb7ce709b0df44318f66b5082e4b105e,4,Comp1,production_tasks
tf:4856caf05a824f8590125ed517779e7b,5,Comp3,production_tasks
tf:590ddce3c88f43d1949b001e41f5c04f,6,Comp3,production_tasks
tf:09cd64fa74d14e5db94103b138f21cf3,7,Comp2,production_tasks
tf:0fffe8356e9947768f664eafff02ddc0,8,Comp3,production_tasks
tf:95a3b134cb534619a3f1fcea3d2ba260,0,Comp3,production_tasks
tf:acd6640431ec4aa88ce02693e924dd04,1,Comp1,production_tasks
tf:c5d3a0c727e940a292567fb55a40b9bf,2,Comp1,production_tasks
tf:1b41e4d3972a4e82bcfa04d67118dd7a,3,Comp3,production_tasks
tf:bfe0cc64b6b84812b03721729714a77e,4,Comp1,production_tasks
tf:770dd2781aa44cd4b1be47c26c09f3a6,5,Comp1,production_tasks
tf:ca44e475096e41da87fbb0767aec2127,6,Comp1,production_tasks
tf:74470af69e754dfe891bb0a50ebc415f,7,Comp3,production_tasks
tf:5737672183314448945551112bcb20f6,0,Comp2,production_tasks
tf:00a863d24fe04345ae97e993b19687d9,1,Comp2,production_tasks
tf:7fb9c884dc9b4abfa8f348b94f40fadb,2,Comp1,production_tasks
tf:98d48735b7574bf7bbe1da50ee611990,3,Comp1,production_tasks
tf:f7cbe2914a5f4de892e6eec7e372b677,4,Comp3,production_tasks
tf:d769d73835014602b81565ec945a7cda,5,Comp1,production_tasks
tf:f7b7fef1428d43feb6419054a494c394,0,Comp2,production_tasks
tf:03867a2de1734a0facb402336c23e47e,1,Comp3,production_tasks
tf:cd88fd34c58d4f92adb1e0f418b12758,2,Comp3,production_tasks
tf:753bd08f6d6041a8bfcea35c1f68052a,3,Comp1,production_tasks
tf:40d413a0676b4c32a3ca874dc9837d31,4,Comp2,production_tasks
tf:a1bc70bd25b946549148e6b49178d273,5,Comp3,production_tasks
tf:e2a82b941cdb487c8c187a04551e2f8e,0,Comp3,production_tasks
tf:3af27c9cae3941089835d64287d99aec,1,Comp2,production_tasks
tf:cce50ee9fa5a4845adfc48b44d05f41f,2,Comp1,production_tasks
tf:f2bfba8d23a84b5db6eb8911fec369d4,3,Comp3,production_tasks
tf:346987fc218d4e628a3a59cf5dfbcb26,4,Comp3,production_tasks
tf:b072531c07be4a168f36c8c737ab6aca,5,Comp2,production_tasks
tf:0f4ef090f8d949fd957aa320b9ab36b4,6,Comp2,production_tasks
tf:fdb8c7577f5c4379b5fc9f5d4787fbb7,7,Comp2,production_tasks
tf:19674697222b477fb19f11b26b40cc1a,8,Comp1,production_tasks
tf:5434f75131714528a3711de95b5d3f0f,0,Comp1,production_tasks
tf:c852b894384b478fba0eb8a5ff434e3a,1,Comp3,production_tasks
tf:f477fce37f124071ac34e7c3d2a42a52,2,Comp1,production_tasks
tf:382cf0247e4b4626bf587191384381cb,3,Comp2,production_tasks
tf:1c3c3a6b63704de4bdef65c1cf58c831,4,Comp2,production_tasks
tf:0e8f573f49124538b9c22494e8cb952c,5,Comp1,production_tasks
tf:511baeb37e5c480aa5c0c0957969b600,6,Comp1,production_tasks
tf:0fcdf435b481485197fffb7d944842b4,0,Comp3,production_tasks
tf:4f146afe61eb4764a04b2e0c1467c25e,1,Comp1,production_tasks
tf:01a804546e45473ab11f2cd70b29540c,2,Comp2,production_tasks
tf:adb619d25498460a856010f35945efe9,3,Comp3,production_tasks
tf:6e6ac035dc8c4b028438f336e19ea624,4,Comp2,production_tasks
tf:07b925ce5c3d4e30bfb1a0ecc35f0f85,5,Comp3,production_tasks
tf:a0d1c7df5a3d47d995dbcc643b703551,6,Comp2,production_tasks
tf:906ef4dca15f4d5294375dc84ad4c661,7,Comp3,production_tasks
tf:9dfe98c21a7d453a9f11eae00fb5a89e,0,Comp1,production_tasks
tf:c9951a97a77e4e0882b0e7eff3edd3f1,1,Comp2,production_tasks
tf:f4e3b80edf6f47f882b14764f2d6c1c7,2,Comp1,production_tasks
tf:da888d7957924b67bf1a3d917b674ee6,3,Comp2,production_tasks
tf:b9cf0a5dbc05490f9d9d99e2b3c416ed,4,Comp3,production_tasks
tf:0c7cd7b314334cb4af0b5fa6e4d0cd0c,5,Comp3,production_tasks
tf:c915432e411f4279a90dace5f2498548,6,Comp2,production_tasks
tf:a5cd0340c8df493c9f96c644ecb61c5d,7,Comp3,production_tasks
tf:8aab4255ed504f96b256e8b5bffc7723,0,Comp1,production_tasks
tf:3bb3f9d73a114cc7ad6b6f1a4b104251,1,Comp2,production_tasks
tf:fa92e04e029f4b1e84b6775f36510155,2,Comp3,production_tasks
tf:bb8a5b15dad64eaab52ae9fe7dc6503d,3,Comp1,production_tasks
tf:ab177be94d3f470ab574b6cf0f8664ec,4,Comp2,production_tasks
tf:e3b34edfa9bf4641963e9655f616eb92,5,Comp1,production_tasks
tf:a7b4330456474f3582fdf92dbc620f87,6,Comp1,production_tasks
tf:a7423cb6d2124bd2a57332c57cb65062,0,Comp2,production_tasks
tf:df18ee61b50142d6a2b75f703cb647e4,1,Comp1,production_tasks
tf:c662700e277041698e4aee6663cd673c,2,Comp1,production_tasks
tf:0d617f42a6e349149a126ed467ebdf5d,3,Comp1,production_tasks
tf:b9e09e2091984d6aab8996b8916d905b,4,Comp1,production_tasks
tf:6f2685b45f7b4d71b9faee918bed0844,5,Comp1,production_tasks
tf:67c17bef3ccc4b40aa21bafe39437bc3,6,Comp3,production_tasks
tf:5801a1d8f53a4a4194237a077f41918a,7,Comp1,production_tasks
tf:df1f759425ef4d83b0523f4ef9457df4,0,Comp2,production_tasks
tf:2052976fb7a74db1adb91f0bb86eb43f,1,Comp2,production_tasks
tf:527007e83e3f409890adf8ceb4b42dee,2,Comp2,production_tasks
tf:0f52f2ce0ac548809c102fdaab997e8a,3,Comp1,production_tasks
tf:67e8286ec97a4cafb00ee72241356404,4,Comp2,production_tasks
tf:1b01e2486d1641508622b19edcf0c41d,0,Comp3,production_tasks
tf:95dec2915be74226ae71eee2e51e9caa,1,Comp1,production_tasks
tf:9802345271e84eb19521fc2d6dabae1e,2,Comp1,production_tasks
tf:0350b102f2e7434696b7cb84ab2b050c,3,Comp3,production_tasks
tf:22338abd58264e5987cd0072fc9eeb94,4,Comp1,production_tasks
tf:43ec8e211e574a51b5189326bb475450,5,Comp1,production_tasks
tf:625ccfd325af44f890f9807d8910763c,0,Comp3,production_tasks
tf:f40b230db8574660bfe22a64c156a6a8,1,Comp1,production_tasks
tf:05e6b0bcb2eb4f598c1a1e65647b4052,2,Comp3,production_tasks
tf:e7c16dd630f4485d87e8433a715b56f3,3,Comp1,production_tasks
tf:6ae331bc9f1241f6992580d0dc43d6ab,4,Comp3,production_tasks
tf:56166ecbea4e4eb5bd2caf655dbbdcc2,5,Comp1,production_tasks
tf:ae72f862c30b483b89dcd6446d95be8f,0,Comp3,production_tasks
tf:e165251d2fec4c0abb094570e7bc45e0,1,Comp2,production_tasks
tf:e010096395a54708a8a82387faae1318,2,Comp1,production_tasks
tf:c157da2ddd2a4d84958ee7a90b1b5df6,3,Comp1,production_tasks
tf:aadc3586721c40cbb45931b838d1c409,4,Comp3,production_tasks
tf:25a8cff5d63e411f9891a7df7c4096bb,5,Comp1,production_tasks
tf:001c7e2ef5184b45be769cfddcbdbef7,6,Comp1,production_tasks
tf:449762eb5d9b4b09b0232bf8a2b58625,7,Comp3,production_tasks
tf:22429854973d44fa9af696c6170430d5,8,Comp3,production_tasks
tf:07e569082d4b42b181889613bc14452f,0,Comp1,production_tasks
tf:63bab58892b6481e83de56c9991fd007,1,Comp1,production_tasks
tf:97049a9d3e144b6185a217fb6e5f5cdf,2,Comp3,production_tasks
tf:fb5aa639c5fb43afbefcf102bc99751d,3,Comp3,production_tasks
tf:51d528ec287c44b89d8fcc101eebe8ce,4,Comp1,production_tasks
tf:a3887fa8ff744c499540f70d30582875,0,Comp3,production_tasks
tf:65ab076e52bf47aa9c7822feb10c1ee3,1,Comp2,production_tasks
tf:23aa36175da542f7b6a1355a551547c5,2,Comp2,production_tasks
tf:2d03d90636c340a9978d9b64b1fb9616,3,Comp3,production_tasks
tf:38af43cbbe6d46fcacbc65d22cb10ec1,4,Comp2,production_tasks
tf:cdbebfa54f3e4e708e8b1129df8b5c5a,5,Comp1,production_tasks
tf:5995a9a664d4428e823552e7c74f593f,6,Comp2,production_tasks
tf:1bf1ca59316c4fa29eeac0629cf6867f,0,Comp2,production_tasks
tf:281d30f78bbb47bfb383ae5d6db30dcc,1,Comp3,production_tasks
tf:1a5b374ae3b94522bd850d52bfcb82e5,2,Comp1,production_tasks
tf:268d4cc270a645da82a4e198c407e576,3,Comp2,production_tasks
tf:bb3632132be640d99a82b2fc1f1e1a87,4,Comp3,production_tasks
tf:ee8a86981aec449aae66068eb0aa2a54,0,Comp3,production_tasks
tf:0a8cd18ec5c24950ab266347485eb6f4,1,Comp1,production_tasks
tf:caf5fdbe51dd471e909be8418a1fa537,2,Comp3,production_tasks
tf:290e4f57c4044352a9a9236f0a5f8a3c,3,Comp2,production_tasks
tf:603117794dc34876ab5db8a74ec16162,4,Comp2,production_tasks
tf:218222b416f94e81ac78f84704e6e437,0,Comp1,production_tasks
tf:d287cc315eca41c880dc316d97460dec,1,Comp3,production_tasks
tf:07805ddce40d437fb8618a8a291e7976,2,Comp3,production_tasks
tf:690340f4e4504a85bc9329eefd4dc5cb,3,Comp2,production_tasks
tf:9487d64822e9487c9d515ae8d4f27ef5,4,Comp2,production_tasks
tf:6a17f304c02a42d7919b389936c7f778,5,Comp1,production_tasks
tf:733abacc45ca454e94a5e9321f8dd262,6,Comp3,production_tasks
tf:40a88a521cbb4e778ff6917b79881564,7,Comp1,production_tasks
tf:34e0bdeebe2e4ee981a33583aaca83a7,0,Comp1,production_tasks
tf:242ff9568b7d44d69ea4f99910d90445,1,Comp3,production_tasks
tf:3054b9eca98448bf957c8e860deab64b,2,Comp3,production_tasks
tf:022b72bbb0d34d8c974e4dcfa9381ee3,3,Comp1,production_tasks
tf:9c7ab47d86774cdf86c127f10dd06eae,4,Comp3,production_tasks
tf:71b64c10b8a249048af3c82aaa48d4bf,5,Comp3,production_tasks
tf:e853d895025a443c96fb5bf77659f66f,6,Comp3,production_tasks
tf:af4eb470046d4cb190830c4341a0ba09,0,Comp1,production_tasks
tf:52a2ebe3c1e64f049459bd6053cb1f5d,1,Comp2,production_tasks
tf:00829a4a56e0452c82c54f2cc350c89f,2,Comp2,production_tasks
tf:80eab9a084994281b0cf5e6140ecd3ab,3,Comp2,production_tasks
tf:27c4dcf5fae8487bba21f42c2b38ef6e,4,Comp2,production_tasks
tf:d8a8860bfee24a4198d0d25bb360fe27,5,Comp3,production_tasks
tf:89d4e45be5344293ba04a04e6c3a0cd2,6,Comp1,production_tasks
tf:47cabe389248403195c715cc9f927ccd,0,Comp2,production_tasks
tf:b35c9ba278144b51a6f97ff83ef85c80,1,Comp2,production_tasks
tf:20aa1650e2ff421b95ef2610883e2a3a,2,Comp2,production_tasks
tf:603ea2317de3411183beeef1ce912590,3,Comp2,production_tasks
tf:54a9c1bbbd1d4fc1b9665f61e8ec9044,4,Comp2,production_tasks
tf:22e665a56e5e4a7da74c162b7400c099,5,Comp2,production_tasks
tf:bdffee2e1f864c6ab8032a9f1cda129f,6,Comp3,production_tasks
tf:40d95d64b7b74f66aa0753e586b57325,7,Comp3,production_tasks
tf:6aeb30611a3d4a0a9695c557d4f1b699,8,Comp2,production_tasks
tf:b8eb2ced11324d82a9c462cae2f2f368,0,Comp3,production_tasks
tf:dd0ec0efd6f24094bb90061eeae6ed43,1,Comp2,production_tasks
tf:d52a75eb86ae4c51b54ba35567efd484,2,Comp1,production_tasks
tf:49a845a863a0431c92eb95164ac7b90b,3,Comp3,production_tasks
tf:99ce1ce7d51040d287a5318f5478df5a,4,Comp1,production_tasks
tf:3acad4f5561145a4bc5514516bada57e,5,Comp3,production_tasks
tf:50b0ce589c214f52a0afc4773a391966,6,Comp2,production_tasks
tf:d751e71f399d467a955b250a2b2d9d4c,7,Comp2,production_tasks
tf:57b7230085bf42a9a9bb0dc6741f4fa9,8,Comp3,production_tasks
tf:eabcad8f52d14405b03a338cec0f149e,0,Comp2,production_tasks
tf:99b30416c9694404893ee2545c836828,1,Comp1,production_tasks
tf:2275d20fbe3142e1a70c5a9095855cd6,2,Comp2,production_tasks
tf:54c83bb29be6431c8171a9c53d4af4fe,3,Comp1,production_tasks
tf:6b80f9609e0947c9b8ebe28be455a8b0,4,Comp3,production_tasks
tf:a5f09ecfbb5c4cd7a0afd9face0ca7f9,0,Comp2,production_tasks
tf:101a89aa072e42ca8e375892e2beede7,1,Comp1,production_tasks
tf:fb22ec5100404ee2b6383111722875a4,2,Comp2,production_tasks
tf:70b5240d07f2418e9fa19c8c7da096cb,3,Comp2,production_tasks
tf:6d0b855ed6f74399a046e94a29d2d49a,4,Comp1,production_tasks
tf:1049cf3d10d44d4485a1863ac2bfa47b,0,Comp1,production_tasks
tf:59f48169aa9a4232b72e02562a5acf44,1,Comp2,production_tasks
tf:335ae810b88b4855b846133f15e63924,2,Comp1,production_tasks
tf:22ef6eb713f147479d9975edf8b3bf19,3,Comp3,production_tasks
tf:821597dab880467cb23ccf859ca34fa7,4,Comp2,production_tasks
tf:959a6e17435743719b237ee1ef98d648,5,Comp2,production_tasks
tf:cff6c907fdb54dd9a03672ae78d59bf3,6,Comp2,production_tasks
tf:c612f434bdf545d7ae14b66ca411e562,0,Comp3,production_tasks
tf:f70358527dfb417b9229a1b09b40b9b0,1,Comp2,production_tasks
tf:f327f6d006f049f38d6eb654b0a4850c,2,Comp2,production_tasks
tf:7a265b1a84054aee9513844f0717f94a,3,Comp2,production_tasks
tf:0e36f814ac1045aea53a0abeee75b546,4,Comp1,production_tasks
tf:43940144065344dc9fdc3e5e891de17d,5,Comp2,production_tasks
tf:cd9dd4c6cb4a484e989e794078bf4468,0,Comp2,production_tasks
tf:e9532b629b5c448aa67e19e496dc7ea5,1,Comp3,production_tasks
tf:9821da1101aa4a0e8a02d8c9c841b1ed,2,Comp2,production_tasks
tf:30e83b48556947d4804c869453e21cb7,3,Comp3,production_tasks
tf:50fc1684e0be413daaac1eb8e0ad2537,4,Comp2,production_tasks
tf:5ced4417ee194b4796e0f2ee45dd70bf,5,Comp2,production_tasks
tf:7ef3827e67a14fa9a85d4dbdc0ec90f0,6,Comp3,production_tasks
tf:6bf8654c4e684f10b36fdc252c61e8a9,7,Comp2,production_tasks
tf:d4d006e2525549808fbf64d586f4a5f6,0,Comp1,production_tasks
tf:b9eca6c84f374371b634b05d73e98051,1,Comp3,production_tasks
tf:ec4c05644e5f4c71b5660e2048fcdbb0,2,Comp1,production_tasks
tf:af0f5c85b082472aafe8c1835593d5b9,3,Comp2,production_tasks
tf:83d8c5f679f8491e96398242c4c05739,4,Comp1,production_tasks
tf:5b53cb72b9df42899ea348efbaa63392,0,Comp2,production_tasks
tf:141f1f7b5d1e4f13801380504a2bcfda,1,Comp2,production_tasks
tf:bb41286e814c4498bfe69937c57d0bd0,2,Comp2,production_tasks
tf:920424c29267432d8d908c794f127cfb,3,Comp1,production_tasks
tf:5131cf3301f543d9ad017221c8725d25,4,Comp3,production_tasks
tf:ef0eb38c3bbc4fdfa984ae61e9b8434b,5,Comp2,production_tasks
tf:639a9ec6a1f747d994af0a78f1a4512d,6,Comp1,production_tasks
tf:17a4302e7aa741acb407aa94aa986440,7,Comp1,production_tasks
tf:50ea73f4d7a045e88b9c1ddaed7cfc78,0,Comp3,production_tasks
tf:cd7cfb139ed14cc8bb01dee42485b25d,1,Comp1,production_tasks
tf:da994f8b661647bd8944ef4507a81908,2,Comp3,production_tasks
tf:6028d30ee57f4c34a8950d4b6aa0d9f2,3,Comp2,production_tasks
tf:a603bd12e1404035965a74eb131d92cd,4,Comp2,production_tasks
tf:0da066cb5d5840f8ab72af8609137a37,5,Comp1,production_tasks
tf:9bd3de96e9fc498cb9e56d5ede97c930,6,Comp1,production_tasks
tf:6dcd068a82834f6e91b5dc9211648993,0,Comp3,production_tasks
tf:2ffcd0aa4c694b1c86c5c830bc1d7e9e,1,Comp1,production_tasks
tf:f22760bca9044ce6815013030d9a00b3,2,Comp3,production_tasks
tf:88b81803941e473487c6b3f5b7433ae7,3,Comp1,production_tasks
tf:268b1ce0725442f8927d4acfa5517022,4,Comp3,production_tasks
tf:1ff8fe9fe956495981d75189fcf8c2f6,5,Comp2,production_tasks
tf:f0346b7d2ffe406198fb3a3852dcb767,6,Comp1,production_tasks
tf:9739b55c80fc45afbce03172cf7fff71,0,Comp2,production_tasks
tf:8c5eda52cc094354b757a53bcc461310,1,Comp2,production_tasks
tf:290aa022ec45456baf9f4aeb6d06a0f3,2,Comp1,production_tasks
tf:0d2a90d1b8ae4b1685d0dcf94b0dfa52,3,Comp1,production_tasks
tf:732727f2b6c740dd956b870d33954cb6,4,Comp1,production_tasks
tf:c837b284e97449479a196a659c1fa1e4,5,Comp2,production_tasks
tf:ede2fbb667c64825a635cd18d196887b,0,Comp2,production_tasks
tf:41de319156fa4c9fa08438d416ec922c,1,Comp3,production_tasks
tf:afea63876508416c9a4c9ec1112d977a,2,Comp2,production_tasks
tf:c0386031104f4b8dabb094dc2e2c1240,3,Comp1,production_tasks
tf:75941c57a4f147908a847428e9ddf83d,4,Comp1,production_tasks
tf:e5adacbf89864acebd511bebaa8351ab,5,Comp2,production_tasks
tf:019710b08d4e477681d931ab6b2f1b46,6,Comp1,production_tasks
tf:8c3c1ef702fa4ec093bfb49fb0391f40,7,Comp2,production_tasks
tf:a661eca64a854e88a3aead06657e39a7,0,Comp2,production_tasks
tf:d643ecff24734f3f8a9eaa7c55722887,1,Comp3,production_tasks
tf:b132ae68e6114bd384b5ad6ad99853f6,2,Comp1,production_tasks
tf:e101c374a87546cb8597205a22be27a3,3,Comp1,production_tasks
tf:a4e5aef4091840baa1f82d04ce66d92e,4,Comp1,production_tasks
tf:36b134e118ab46f1900bdf53aad84d58,5,Comp3,production_tasks
tf:8c612ce493714ec6aad16049604f496f,6,Comp2,production_tasks
tf:50f588b7d80a41dea7c97f19aa41ad39,7,Comp2,production_tasks
tf:b022d39d6ef643069e387c1e6380289d,8,Comp1,production_tasks
tf:3150d8402ed74dbf96696a2f9ea7d980,0,Comp3,production_tasks
tf:58bf2155fae74b928fbc27637fff7578,1,Comp1,production_tasks
tf:6b6fc21697314a6fa7a151213825fe3d,2,Comp3,production_tasks
tf:0feda38f8c7647cdb52c65cd01f1b68d,3,Comp1,production_tasks
tf:73208fce456f49faa732366f260cfb70,4,Comp1,production_tasks
tf:603a92b7e9914c8388cf6225824d13dd,5,Comp1,production_tasks
tf:3ec282bd783243109b602ebd12b1acc8,6,Comp2,production_tasks
tf:039e1070c33f4dcaa10cb9be4b10576d,7,Comp1,production_tasks
tf:88fb1051bb5948e1b6045b0ab907700b,8,Comp3,production_tasks
tf:b8f259af29724c4ea4e6826b894f0f50,0,Comp3,production_tasks
tf:5bce1dd41a254ed8ab88c95a9a0600b9,1,Comp2,production_tasks
tf:c5cb08f5e54b4469be09c55fba1579d8,2,Comp3,production_tasks
tf:a768b0fa7a454d3595abc0efc35f7c41,3,Comp2,production_tasks
tf:46ef2bd95584477c81ff47065046fca5,4,Comp1,production_tasks
tf:5992397ba7ad40f5a2c2c72c7b69109c,5,Comp3,production_tasks
tf:d399d139ecf4462fafbd330d44923b31,6,Comp1,production_tasks
tf:c66c458bed39480a8aaedaba2627291d,7,Comp1,production_tasks
tf:935cbb4fff3d474081431c984b9305c0,8,Comp1,production_tasks
tf:129a252162e0445c81f62efa7617447b,0,Comp1,production_tasks
tf:a7b9f200b5004948b6da066603e7b85d,1,Comp2,production_tasks
tf:ed53a9ba525b4203929cc3eafeca4e0e,2,Comp3,production_tasks
tf:f6a51299391c4abda4c8a3b0ffe3259f,3,Comp1,production_tasks
tf:ad3c3613d01043dba9b2df549d9a93d6,4,Comp3,production_tasks
tf:cd638d0de9764f6d935b7edf72150722,5,Comp2,production_tasks
tf:e188ec41a676429fa80541ad2cb10a88,0,Comp1,production_tasks
tf:59b2c79dc96c4ee9beb7dcc73b6e2f66,1,Comp2,production_tasks
tf:2859368c3d1445ec836af8013d6d7ef5,2,Comp2,production_tasks
tf:c1d25e457e344a6cabf5e86938e4e56f,3,Comp1,production_tasks
tf:c3a84dd29c154d8c9a38b36e2e333f17,4,Comp1,production_tasks
tf:7a0eb0a153124695ae7ea9fa7c216eb8,5,Comp1,production_tasks
tf:07989ea00f194251bec7ca9d1ba551b2,0,Comp1,production_tasks
tf:8fd42b4d774741bd8ff8f765bf0809b1,1,Comp2,production_tasks
tf:d2e1addbb8f64e0aa225cb1faf24bf9e,2,Comp3,production_tasks
tf:cc3880b32ec945a6a0015aab65a97daf,3,Comp2,production_tasks
tf:6d8264c4d1824b89895cd7e03a5f9a11,4,Comp3,production_tasks
tf:7e6fb5532bfc437b86b53fcf3c2e6bb1,5,Comp1,production_tasks
tf:fbd630831c584fa1bd5f1a42ba4d917a,6,Comp2,production_tasks
tf:104d5683d24440acaac73d139e0d3b68,0,Comp3,production_tasks
tf:005795b75921476aa71fed74391edaa3,1,Comp2,production_tasks
tf:4cb9b03907a44b439c6b37cf99bb4331,2,Comp1,production_tasks
tf:b9acf8b6b0db4341ba6cccd1a64cc626,3,Comp2,production_tasks
tf:ea6ced7b58644903a58fd028e9db936d,4,Comp1,production_tasks
tf:beda9d97211e4047b78cba4b722035d1,5,Comp2,production_tasks
tf:8cdb62a6ab154363899aa56940a98e76,6,Comp1,production_tasks
tf:1a9842d1d9f442639ba9d5a7279d76ef,7,Comp3,production_tasks
tf:f002adaf110844798d2782dfa71c0c01,8,Comp1,production_tasks
tf:1e6475b9853042b3b7e9632711abf720,0,Comp2,production_tasks
tf:c8cd1dd510054b0aba1a54d4b41130fe,1,Comp1,production_tasks
tf:27eceebf7f5040cdb54929972359c158,2,Comp1,production_tasks
tf:6b2e1f9bde2d4af3809073525c7c0de2,3,Comp2,production_tasks
tf:c7d4a6beec6c40d6b981c6af1064fb61,4,Comp2,production_tasks
tf:f6cb78319a1e49e0a0df9f87ffd2ed40,5,Comp1,production_tasks
tf:8670f2560958433b82d162ecd6c41998,6,Comp1,production_tasks
tf:648f37f1c25d4437b3afb952a083d128,0,Comp1,production_tasks
tf:f6d0056d3e7c408b8c9228a97a22d10d,1,Comp1,production_tasks
tf:09be9caeed464d888d4060670eb73c0e,2,Comp3,production_tasks
tf:af161ab70d5742cd8461a44b2505d00a,3,Comp1,production_tasks
tf:f62aceba47e942bcb11d0dd58fc8fa36,4,Comp3,production_tasks
tf:331d44c391af40f6ad6db9ce554ff5e7,5,Comp1,production_tasks
tf:aaf7dd202fd8414e97a9b441d726dbff,6,Comp1,production_tasks
tf:8c44be686fcb4c889961f1b5f6d5df8d,7,Comp2,production_tasks
tf:b0e01dd4f3f14d478fc2c43071536754,0,Comp1,production_tasks
tf:aa734ea1fd594094893be3fac74e66cf,1,Comp2,production_tasks
tf:1a9241c2f0b04ec3be81738a53944896,2,Comp2,production_tasks
tf:6c97fd60f1bf47e4b8bc80046b672cf7,3,Comp3,production_tasks
tf:249b44b48953408fbeed383184d26e92,4,Comp2,production_tasks
tf:d6aa5ac36fd84aaf8478c73950ba0969,5,Comp3,production_tasks
tf:4bc0d0af7e3843cdb8065e4ff4c10a86,6,Comp3,production_tasks
tf:22a9ceb7941a486ab3acd05e75a5eb26,0,Comp2,production_tasks
tf:c838b8e2c6de49088566b103c258edb1,1,Comp1,production_tasks
tf:8308b9bec4a64241976dfbc2ce5cce68,2,Comp1,production_tasks
tf:62dc7b21110b46ad90b89a442896ff0a,3,Comp1,production_tasks
tf:495f69e09d6847f5b75aae542c9bb8da,4,Comp3,production_tasks
tf:a282afad44bc40209fb6cd5a682795cc,0,Comp1,production_tasks
tf:867dca1cc01945c1b12a2c105c63254b,1,Comp3,production_tasks
tf:6076e85c10fc47a5b592d0a67f0f006b,2,Comp1,production_tasks
tf:909af42b276843e9b1c1d8939025c7b4,3,Comp2,production_tasks
tf:76cd972841c148cd9ac83d309b7463ed,4,Comp3,production_tasks
tf:e92ea8b708164c6582dbb28cce82490a,5,Comp1,production_tasks
tf:c9d57df7a1cd464c948571ccba92c562,0,Comp2,production_tasks
tf:f29a290bc4e44d7c817b57e6f13d58e7,1,Comp3,production_tasks
tf:c9cdadf90367403ab2a5b0eaea1e23b7,2,Comp2,production_tasks
tf:0657583564d24b91b48dea263be89ba0,3,Comp3,production_tasks
tf:0a7a1898571b4709ab1139decf3b8146,4,Comp2,production_tasks
tf:e0975c11fdfe4487b36ce157f57f6a48,5,Comp3,production_tasks
tf:6217ef1c342545dd9d26c89a5f66d85f,6,Comp1,production_tasks
tf:91c85b33d7b647959244e87ce7c3831a,7,Comp1,production_tasks
tf:9ae94b44c1a447808a843a4c1b4808bc,8,Comp2,production_tasks
tf:4632056a3fef470cbc53518e7e8f1cae,0,Comp2,production_tasks
tf:b6f65efc960544939eb6d6e4bc77190b,1,Comp3,production_tasks
tf:e926e0d03f07482e935a4530b8be8aba,2,Comp3,production_tasks
tf:82a40ee5b1bb4d6f861b22e8aba82ced,3,Comp1,production_tasks
tf:69de6bb9edd94605a69e19f0fed20392,4,Comp2,production_tasks
tf:a16698e9879b4160923738e7fef9c5d7,5,Comp2,production_tasks
tf:71d9a37abeea4b2a9bf4874a17b1407c,6,Comp2,production_tasks
tf:c0e249fc9d1e4ec5b5b50736fe95c05b,7,Comp1,production_tasks
tf:a13a0adc77074e52ab5740dc05e66399,0,Comp1,production_tasks
tf:b188868b16594b11ac17bd41c24592fb,1,Comp2,production_tasks
tf:df137a4ae9b44dddaea931350e91087e,2,Comp3,production_tasks
tf:7f20132112424708acdea58d0713603e,3,Comp2,production_tasks
tf:6f6075fd33d84047a8bb4711f4f76152,4,Comp3,production_tasks
tf:e74734e1521c4dbe868c2d657a9c1993,5,Comp2,production_tasks
tf:9eed33a0b4314ffab8ebea8c1d74c641,6,Comp1,production_tasks
tf:38da64288b66411b8e1e440d3374539c,0,Comp1,production_tasks
tf:fc8307b3091546fe9c7a3efb9127f414,1,Comp3,production_tasks
tf:2a2d3dd4f47143129c07b1db63c29521,2,Comp3,production_tasks
tf:165a5ca5a3c64e2298f02f1187e895c4,3,Comp2,production_tasks
tf:f61f675d6e814e459f13760d44da1787,4,Comp1,production_tasks
tf:558c5e52f4b74d0f90a224423d0dfef5,5,Comp1,production_tasks
tf:25c9aaa2bdc64c76b66ecaf93ce7a103,0,Comp3,production_tasks
tf:30004d46f4314e6285b5dd07fc2fd342,1,Comp2,production_tasks
tf:de2ef4f4faf349bf9f578c6de3065cb7,2,Comp2,production_tasks
tf:c5835d6173544685bcf78f82de40f067,3,Comp1,production_tasks
tf:92d12a13a7724309891aaed3db96dd39,4,Comp3,production_tasks
tf:98d3d62021d844e7a142c01fa31ecf83,0,Comp2,production_tasks
tf:4a42ff0e611f418285ad5f3dfc07803c,1,Comp2,production_tasks
tf:9cbd2777b79547e38f5aad1443958916,2,Comp3,production_tasks
tf:086bf5641f4b4374ac2c07d6a1f31dfe,3,Comp2,production_tasks
tf:432ce35e8c1d45c9b09f6ba2351314f8,4,Comp1,production_tasks
tf:851d350c752143958e584a43a1759762,5,Comp3,production_tasks
tf:9bb247e396874b5487dbfb83f8f383aa,0,Comp2,production_tasks
tf:06dd56125d694debba46df329dff2be6,1,Comp1,production_tasks
tf:d947ed4282b541af8947d7f49a3819c1,2,Comp3,production_tasks
tf:b1a4a1e4f3d9411ab3bd3e5ebbfaf8e8,3,Comp2,production_tasks
tf:57358b1fbd954d988bc0e5a867d1ba21,4,Comp2,production_tasks
tf:61d9f68cb9df47f4a6ddc873bdacd495,5,Comp2,production_tasks
tf:7dac16933f7e4535b66df7e90dbb8ff0,0,Comp1,production_tasks
tf:58c74a66b0114e48ad56a8c0a9d83166,1,Comp1,production_tasks
tf:68727ff75c8b42789477beecfe4a0703,2,Comp1,production_tasks
tf:30a5627768f547e59ac37c7006a83aec,3,Comp3,production_tasks
tf:96a9ce6214404d21a68fee92c7c98a20,4,Comp2,production_tasks
tf:ba16819eaef84e76a0c46769c9c0b0df,5,Comp1,production_tasks
tf:238d79d59b5f48f78783bd8f02bcae6c,0,Comp1,production_tasks
tf:e5056a9bbb5140cbae0b39df89af9838,1,Comp1,production_tasks
tf:551dc178e41c4950a7792ae5b2d151aa,2,Comp2,production_tasks
tf:dd2be0ee790d4d5594df73f877455876,3,Comp3,production_tasks
tf:db4a1e1c5f634ecc9c786e48fa4d944e,4,Comp3,production_tasks
tf:f600644e9d6549aa91b17a53f634bef7,5,Comp1,production_tasks
tf:544bd0f6e44144a5a6a3892fb8c97ae3,6,Comp2,production_tasks
tf:c67dfc92c9d04f07b0be1810a7abd1da,7,Comp2,production_tasks
tf:9378d8e9c58c41a0b422a80e5bfc48e0,8,Comp3,production_tasks
tf:1fd9366aec3c4c86bd3d83f539c16b9c,0,Comp3,production_tasks
tf:c18baa946e264020ae71dd9cb3e914f3,1,Comp3,production_tasks
tf:17ada851937a4e34a3666ebc25025ac6,2,Comp2,production_tasks
tf:87b6aee58e05484981bc43ec7fc8825b,3,Comp3,production_tasks
tf:44f565f90dec47e48ab5411675507bfb,4,Comp3,production_tasks
tf:3a02984dcf924f33b6db843116e1b92e,0,Comp3,production_tasks
tf:f93bc4283c654ab0af08b4b8fedce8f0,1,Comp2,production_tasks
tf:70152eecfd164cbfb8368f583be5dd82,2,Comp1,production_tasks
tf:740e504e39884a5a88e2f2e858d46c0a,3,Comp2,production_tasks
tf:dab2af53d83346d2afa2abc02fe9c8fa,4,Comp3,production_tasks
tf:99d3cf2c116045418cf7f6116a4d5893,0,Comp3,production_tasks
tf:1a97f73612da4962bf228d8592110c35,1,Comp3,production_tasks
tf:beb13e8a08ae4df2bce6faf7872b345f,2,Comp3,production_tasks
tf:34968ad806ec4e92837fe40452672fbf,3,Comp2,production_tasks
tf:88d5b32a1ed6423c87badac0119d9c28,4,Comp3,production_tasks
tf:a3e152c9f7bf4e8cb6b67063de6b24ba,0,Comp2,production_tasks
tf:6778f91030114fef85cf2ab6c7b14127,1,Comp2,production_tasks
tf:c132d3772fe14c85b5da97ce3d61acb9,2,Comp3,production_tasks
tf:cb07ee8c6e3249db8e1ca81da8a27a65,3,Comp1,production_tasks
tf:e5d303d27ec34417a4e97c0e3ea62bf7,4,Comp2,production_tasks
tf:de628d15c58a4d47b5f044404f4c26e6,5,Comp3,production_tasks
tf:f0cad49ed796477e96327b0df0098651,6,Comp2,production_tasks
tf:2428fe6f3b434cfa8a309817c99cd291,7,Comp3,production_tasks
tf:0b60b0fe7cc545d8861401f0dfd0297d,8,Comp2,production_tasks
tf:fcac3a1dd86b41e69d97fb55960ba564,0,Comp1,production_tasks
tf:5716f6a017f84523911515dff2bcc601,1,Comp2,production_tasks
tf:272011919ca1461f9f211e324dd526cf,2,Comp1,production_tasks
tf:695612412cb14866b3f7f8acd58d95cc,3,Comp3,production_tasks
tf:fa85598bef924895ac25c21bebcfa8cc,4,Comp3,production_tasks
tf:31b720e7ab4248748bcf39de2c1fdb86,5,Comp3,production_tasks
tf:ee17becae71d4bdd8b2d433d14abce4d,6,Comp3,production_tasks
tf:b94995d94de243fb8526a3b51d10cb4e,7,Comp2,production_tasks
tf:2a3a2545ac894920b28a8b01e1a75b3e,8,Comp3,production_tasks
tf:e064a8d9bf234ef5941041f7e9b68dbb,0,Comp2,production_tasks
tf:d2a359df800444ec965b1016602634fb,1,Comp3,production_tasks
tf:c5ea7446f92146b6861e19466445c1f6,2,Comp3,production_tasks
tf:98ff918c05cb48d28f4b6e3031cf0576,3,Comp3,production_tasks
tf:37c502e956e1417d9de3039903ef6e66,4,Comp2,production_tasks
tf:4972f49e370a41c3af672e451eb15b70,5,Comp2,production_tasks
tf:96ae0c53dac546599ed945f7e8152534,6,Comp3,production_tasks
tf:925ab60c5c6c48db9c20ea1301caa3ef,0,Comp1,production_tasks
tf:6701d36113104d7792f0503300d7523b,1,Comp2,production_tasks
tf:25618558456f41c98e700f0ffb7a45e2,2,Comp2,production_tasks
tf:6de63a46fbdc4ef7a51c80f3936aec05,3,Comp3,production_tasks
tf:0914572167f641e095f3759ff657e7e4,4,Comp3,production_tasks
tf:c13308b53b834c74ab15eb6305ee8b51,5,Comp3,production_tasks
tf:3b51a6d390a84978958b1a5cff0d2c7b,6,Comp3,production_tasks
tf:4267dbb5be884b5e948b473ceb1098f0,7,Comp2,production_tasks
tf:a38b1a6902a140ff8bd982ebe3f28a5b,8,Comp2,production_tasks
tf:44a0bfae76774271ace0a29d0008182d,0,Comp2,production_tasks
tf:cc69c79fbf0d495b869c5907c63adfd0,1,Comp1,production_tasks
tf:ff3e606c8a7646ccac827624bed57eb3,2,Comp2,production_tasks
tf:b1c2ce01fb234d7b86d1ac2c8de32620,3,Comp2,production_tasks
tf:9b5708a24aa74d6aa328db6c358b24fa,4,Comp3,production_tasks
tf:11f9e06f8ad54001891bf1d9fe5deba1,5,Comp1,production_tasks
tf:8bb2c5bbab6d46d09066f76d6bcc0dfe,0,Comp2,production_tasks
tf:c4709e0bc7ed440e8bc638e154a859c7,1,Comp3,production_tasks
tf:b691100b303d453ebecf620cfe194dc4,2,Comp1,production_tasks
tf:53d0f060d2bc4df6b0ab4a39321e00f9,3,Comp3,production_tasks
tf:0f95387cdd2c49e0aa916f8927914de1,4,Comp3,production_tasks
tf:0e8434c2bc324819904f9b231a47d1c2,0,Comp2,production_tasks
tf:c4a94236f158496d827c7e1ec85c4725,1,Comp3,production_tasks
tf:a662c12511e1421396750f5f16dc22f3,2,Comp1,production_tasks
tf:53f0462dd504444e8c9f906782b3eaec,3,Comp3,production_tasks
tf:61a5738789a14a4b8e78c475e9551538,4,Comp1,production_tasks
tf:c7be6c356bdf4032938cc5bd589f45ed,5,Comp1,production_tasks
tf:97f42e87dec3448da52fc20d6d1da67b,6,Comp2,production_tasks
tf:fd09d86f1dac41d3a52c9ec2fa7b77e3,7,Comp3,production_tasks
tf:b69c24390ec04e4a93c013d965be3335,8,Comp2,production_tasks
tf:bb256e2c5f0344cdba9166102c443fe8,0,Comp1,production_tasks
tf:fade3a601eef4448a1f2e4957056b5b9,1,Comp1,production_tasks
tf:f11a50da5cbb4d80b98f5384b5370c72,2,Comp2,production_tasks
tf:b8ce50a68ba04679a82ebd1b2d38ae09,3,Comp1,production_tasks
tf:226ee62d2b30402a88635e2a88aff08d,4,Comp3,production_tasks
tf:ee3a133d6ab341fdb868529895cb038f,5,Comp3,production_tasks
tf:841361ffdbc544f99f6cb01784c2e7f6,6,Comp3,production_tasks
tf:8fe99cdee18a4eba8f28fbc6ba09ed36,7,Comp2,production_tasks
tf:93d06d5dcdd44bc1b57111e9d9bbe0a6,0,Comp3,production_tasks
tf:059e378572f4471d9ab09dea2cc11c17,1,Comp2,production_tasks
tf:75b2f292d4c247068237aeab7239582b,2,Comp3,production_tasks
tf:cad83419e1f14442a9545dd5e940baaa,3,Comp1,production_tasks
tf:a4f18edc1bb44852aa3f42ed71454bd8,4,Comp1,production_tasks
tf:329417565eec4294a445c395d3110658,5,Comp1,production_tasks
tf:0095f2345aae425f8661fb2723782af0,6,Comp3,production_tasks
tf:96266d38e2184754a4d10cf55fea587e,7,Comp3,production_tasks
tf:2b0a1864f1ff413e9577cc7d50607d7a,8,Comp3,production_tasks
